distance,loss
645.000,29.754
645.100,29.754
645.200,29.756
645.300,29.758
645.400,29.761
645.500,29.763
645.600,29.763
645.700,29.760
645.800,29.754
645.900,29.744
646.000,29.731
646.100,29.719
646.200,29.710
646.300,29.706
646.400,29.710
646.500,29.724
646.600,29.751
646.700,29.792
646.800,29.845
646.900,29.907
647.000,29.973
647.100,30.040
647.200,30.104
647.300,30.162
647.400,30.209
647.500,30.242
647.600,30.262
647.700,30.271
647.800,30.270
647.900,30.263
648.000,30.250
648.100,30.234
648.200,30.217
648.300,30.200
648.400,30.185
648.500,30.174
648.600,30.167
648.700,30.165
648.800,30.171
648.900,30.184
649.000,30.207
649.100,30.240
649.200,30.281
649.300,30.325
649.400,30.368
649.500,30.406
649.600,30.435
649.700,30.450
649.800,30.448
649.900,30.424
650.000,30.382
650.100,30.325
650.200,30.258
650.300,30.187
650.400,30.117
650.500,30.052
650.600,29.998
650.700,29.958
650.800,29.934
650.900,29.923
651.000,29.922
651.100,29.929
651.200,29.943
651.300,29.960
651.400,29.978
651.500,29.994
651.600,30.008
651.700,30.019
651.800,30.026
651.900,30.027
652.000,30.023
652.100,30.012
652.200,29.993
652.300,29.967
652.400,29.933
652.500,29.895
652.600,29.857
652.700,29.821
652.800,29.790
652.900,29.767
653.000,29.755
653.100,29.756
653.200,29.772
653.300,29.798
653.400,29.831
653.500,29.868
653.600,29.906
653.700,29.942
653.800,29.972
653.900,29.994
654.000,30.006
654.100,30.011
654.200,30.010
654.300,30.005
654.400,29.999
654.500,29.991
654.600,29.986
654.700,29.983
654.800,29.984
654.900,29.987
655.000,29.991
655.100,29.994
655.200,29.996
655.300,29.995
655.400,29.989
655.500,29.978
655.600,29.961
655.700,29.938
655.800,29.912
655.900,29.881
656.000,29.848
656.100,29.813
656.200,29.776
656.300,29.740
656.400,29.703
656.500,29.668
656.600,29.635
656.700,29.604
656.800,29.577
656.900,29.553
657.000,29.534
657.100,29.519
657.200,29.510
657.300,29.506
657.400,29.505
657.500,29.506
657.600,29.510
657.700,29.515
657.800,29.520
657.900,29.525
658.000,29.528
658.100,29.531
658.200,29.532
658.300,29.532
658.400,29.532
658.500,29.530
658.600,29.527
658.700,29.522
658.800,29.517
658.900,29.512
659.000,29.508
659.100,29.505
659.200,29.505
659.300,29.508
659.400,29.515
659.500,29.526
659.600,29.543
659.700,29.565
659.800,29.591
659.900,29.620
660.000,29.652
660.100,29.687
660.200,29.723
660.300,29.760
660.400,29.797
660.500,29.834
660.600,29.869
660.700,29.901
660.800,29.930
660.900,29.954
661.000,29.973
661.100,29.985
661.200,29.990
661.300,29.990
661.400,29.987
661.500,29.982
661.600,29.977
661.700,29.975
661.800,29.977
661.900,29.984
662.000,30.000
662.100,30.021
662.200,30.048
662.300,30.079
662.400,30.112
662.500,30.146
662.600,30.181
662.700,30.215
662.800,30.246
662.900,30.276
663.000,30.304
663.100,30.331
663.200,30.359
663.300,30.386
663.400,30.414
663.500,30.443
663.600,30.474
663.700,30.506
663.800,30.538
663.900,30.569
664.000,30.599
664.100,30.627
664.200,30.652
664.300,30.673
664.400,30.689
664.500,30.701
664.600,30.708
664.700,30.711
664.800,30.709
664.900,30.702
665.000,30.691
665.100,30.676
665.200,30.656
665.300,30.632
665.400,30.606
665.500,30.576
665.600,30.545
665.700,30.513
665.800,30.481
665.900,30.448
666.000,30.417
666.100,30.387
666.200,30.357
666.300,30.328
666.400,30.300
666.500,30.273
666.600,30.245
666.700,30.219
666.800,30.192
666.900,30.166
667.000,30.139
667.100,30.112
667.200,30.084
667.300,30.055
667.400,30.024
667.500,29.992
667.600,29.957
667.700,29.921
667.800,29.886
667.900,29.852
668.000,29.821
668.100,29.793
668.200,29.772
668.300,29.756
668.400,29.749
668.500,29.748
668.600,29.752
668.700,29.758
668.800,29.764
668.900,29.767
669.000,29.766
669.100,29.758
669.200,29.741
669.300,29.716
669.400,29.685
669.500,29.650
669.600,29.615
669.700,29.582
669.800,29.552
669.900,29.530
670.000,29.516
670.100,29.511
670.200,29.512
670.300,29.516
670.400,29.523
670.500,29.528
670.600,29.530
670.700,29.527
670.800,29.516
670.900,29.497
671.000,29.472
671.100,29.442
671.200,29.409
671.300,29.374
671.400,29.340
671.500,29.307
671.600,29.278
671.700,29.253
671.800,29.235
671.900,29.223
672.000,29.220
672.100,29.227
672.200,29.244
672.300,29.274
672.400,29.317
672.500,29.371
672.600,29.434
672.700,29.501
672.800,29.569
672.900,29.633
673.000,29.690
673.100,29.735
673.200,29.765
673.300,29.780
673.400,29.783
673.500,29.778
673.600,29.769
673.700,29.758
673.800,29.751
673.900,29.750
674.000,29.759
674.100,29.779
674.200,29.807
674.300,29.841
674.400,29.877
674.500,29.913
674.600,29.946
674.700,29.972
674.800,29.989
674.900,29.996
675.000,29.996
675.100,29.991
675.200,29.983
675.300,29.977
675.400,29.974
675.500,29.977
675.600,29.988
675.700,30.009
675.800,30.038
675.900,30.070
676.000,30.106
676.100,30.140
676.200,30.172
676.300,30.199
676.400,30.218
676.500,30.229
676.600,30.232
676.700,30.230
676.800,30.225
676.900,30.219
677.000,30.214
677.100,30.212
677.200,30.215
677.300,30.224
677.400,30.239
677.500,30.260
677.600,30.287
677.700,30.320
677.800,30.359
677.900,30.403
678.000,30.454
678.100,30.510
678.200,30.569
678.300,30.630
678.400,30.692
678.500,30.753
678.600,30.810
678.700,30.863
678.800,30.910
678.900,30.950
679.000,30.985
679.100,31.014
679.200,31.040
679.300,31.064
679.400,31.087
679.500,31.111
679.600,31.137
679.700,31.165
679.800,31.196
679.900,31.228
680.000,31.259
680.100,31.290
680.200,31.318
680.300,31.344
680.400,31.365
680.500,31.382
680.600,31.393
680.700,31.400
680.800,31.402
680.900,31.399
681.000,31.392
681.100,31.380
681.200,31.364
681.300,31.343
681.400,31.319
681.500,31.292
681.600,31.262
681.700,31.231
681.800,31.199
681.900,31.167
682.000,31.135
682.100,31.104
682.200,31.074
682.300,31.045
682.400,31.016
682.500,30.988
682.600,30.961
682.700,30.933
682.800,30.906
682.900,30.879
683.000,30.851
683.100,30.824
683.200,30.796
683.300,30.767
683.400,30.738
683.500,30.708
683.600,30.678
683.700,30.646
683.800,30.614
683.900,30.582
684.000,30.552
684.100,30.522
684.200,30.494
684.300,30.469
684.400,30.447
684.500,30.429
684.600,30.414
684.700,30.405
684.800,30.400
684.900,30.401
685.000,30.407
685.100,30.420
685.200,30.439
685.300,30.465
685.400,30.497
685.500,30.531
685.600,30.567
685.700,30.601
685.800,30.631
685.900,30.655
686.000,30.671
686.100,30.678
686.200,30.675
686.300,30.668
686.400,30.658
686.500,30.650
686.600,30.646
686.700,30.651
686.800,30.667
686.900,30.697
687.000,30.740
687.100,30.794
687.200,30.855
687.300,30.921
687.400,30.988
687.500,31.054
687.600,31.115
687.700,31.169
687.800,31.214
687.900,31.253
688.000,31.285
688.100,31.310
688.200,31.331
688.300,31.347
688.400,31.360
688.500,31.370
688.600,31.377
688.700,31.381
688.800,31.383
688.900,31.383
689.000,31.380
689.100,31.375
689.200,31.368
689.300,31.358
689.400,31.346
689.500,31.331
689.600,31.310
689.700,31.284
689.800,31.251
689.900,31.210
690.000,31.161
690.100,31.101
690.200,31.034
690.300,30.963
690.400,30.891
690.500,30.823
690.600,30.763
690.700,30.715
690.800,30.683
690.900,30.670
691.000,30.678
691.100,30.700
691.200,30.733
691.300,30.774
691.400,30.816
691.500,30.856
691.600,30.890
691.700,30.912
691.800,30.923
691.900,30.925
692.000,30.921
692.100,30.913
692.200,30.905
692.300,30.900
692.400,30.900
692.500,30.909
692.600,30.927
692.700,30.952
692.800,30.983
692.900,31.017
693.000,31.052
693.100,31.086
693.200,31.117
693.300,31.142
693.400,31.162
693.500,31.175
693.600,31.181
693.700,31.182
693.800,31.177
693.900,31.165
694.000,31.149
694.100,31.127
694.200,31.100
694.300,31.069
694.400,31.037
694.500,31.004
694.600,30.973
694.700,30.944
694.800,30.919
694.900,30.899
695.000,30.887
695.100,30.879
695.200,30.877
695.300,30.878
695.400,30.883
695.500,30.889
695.600,30.897
695.700,30.906
695.800,30.914
695.900,30.921
696.000,30.926
696.100,30.929
696.200,30.928
696.300,30.924
696.400,30.915
696.500,30.901
696.600,30.881
696.700,30.857
696.800,30.829
696.900,30.798
697.000,30.766
697.100,30.733
697.200,30.701
697.300,30.670
697.400,30.641
697.500,30.614
697.600,30.588
697.700,30.561
697.800,30.534
697.900,30.505
698.000,30.475
698.100,30.441
698.200,30.404
698.300,30.365
698.400,30.327
698.500,30.291
698.600,30.260
698.700,30.235
698.800,30.219
698.900,30.214
699.000,30.220
699.100,30.236
699.200,30.261
699.300,30.293
699.400,30.329
699.500,30.367
699.600,30.406
699.700,30.444
699.800,30.478
699.900,30.510
700.000,30.540
700.100,30.568
700.200,30.594
700.300,30.620
700.400,30.646
700.500,30.673
700.600,30.700
700.700,30.728
700.800,30.757
700.900,30.786
701.000,30.815
701.100,30.845
701.200,30.873
701.300,30.902
701.400,30.929
701.500,30.956
701.600,30.983
701.700,31.010
701.800,31.038
701.900,31.067
702.000,31.097
702.100,31.130
702.200,31.164
702.300,31.200
702.400,31.236
702.500,31.270
702.600,31.301
702.700,31.328
702.800,31.349
702.900,31.362
703.000,31.368
703.100,31.367
703.200,31.362
703.300,31.355
703.400,31.349
703.500,31.346
703.600,31.349
703.700,31.360
703.800,31.382
703.900,31.412
704.000,31.447
704.100,31.485
704.200,31.522
704.300,31.554
704.400,31.579
704.500,31.593
704.600,31.593
704.700,31.580
704.800,31.556
704.900,31.525
705.000,31.489
705.100,31.450
705.200,31.411
705.300,31.374
705.400,31.343
705.500,31.317
705.600,31.293
705.700,31.270
705.800,31.247
705.900,31.220
706.000,31.188
706.100,31.150
706.200,31.102
706.300,31.047
706.400,30.987
706.500,30.923
706.600,30.860
706.700,30.798
706.800,30.741
706.900,30.691
707.000,30.651
707.100,30.619
707.200,30.594
707.300,30.572
707.400,30.551
707.500,30.528
707.600,30.499
707.700,30.463
707.800,30.416
707.900,30.360
708.000,30.297
708.100,30.231
708.200,30.165
708.300,30.102
708.400,30.047
708.500,30.001
708.600,29.969
708.700,29.950
708.800,29.943
708.900,29.944
709.000,29.951
709.100,29.961
709.200,29.972
709.300,29.981
709.400,29.985
709.500,29.984
709.600,29.979
709.700,29.974
709.800,29.968
709.900,29.966
710.000,29.967
710.100,29.975
710.200,29.992
710.300,30.016
710.400,30.047
710.500,30.081
710.600,30.116
710.700,30.150
710.800,30.180
710.900,30.203
711.000,30.218
711.100,30.224
711.200,30.224
711.300,30.219
711.400,30.213
711.500,30.207
711.600,30.204
711.700,30.207
711.800,30.219
711.900,30.239
712.000,30.266
712.100,30.298
712.200,30.332
712.300,30.366
712.400,30.399
712.500,30.427
712.600,30.450
712.700,30.464
712.800,30.472
712.900,30.475
713.000,30.473
713.100,30.468
713.200,30.460
713.300,30.451
713.400,30.441
713.500,30.433
713.600,30.425
713.700,30.420
713.800,30.417
713.900,30.418
714.000,30.423
714.100,30.432
714.200,30.447
714.300,30.468
714.400,30.494
714.500,30.523
714.600,30.554
714.700,30.586
714.800,30.619
714.900,30.650
715.000,30.678
715.100,30.704
715.200,30.728
715.300,30.751
715.400,30.775
715.500,30.802
715.600,30.832
715.700,30.868
715.800,30.909
715.900,30.958
716.000,31.013
716.100,31.071
716.200,31.132
716.300,31.194
716.400,31.255
716.500,31.314
716.600,31.368
716.700,31.417
716.800,31.460
716.900,31.497
717.000,31.528
717.100,31.554
717.200,31.573
717.300,31.587
717.400,31.594
717.500,31.596
717.600,31.593
717.700,31.588
717.800,31.583
717.900,31.579
718.000,31.578
718.100,31.583
718.200,31.594
718.300,31.613
718.400,31.640
718.500,31.671
718.600,31.704
718.700,31.738
718.800,31.771
718.900,31.800
719.000,31.823
719.100,31.839
719.200,31.848
719.300,31.851
719.400,31.850
719.500,31.846
719.600,31.840
719.700,31.832
719.800,31.825
719.900,31.819
720.000,31.815
720.100,31.812
720.200,31.811
720.300,31.811
720.400,31.813
720.500,31.817
720.600,31.823
720.700,31.831
720.800,31.839
720.900,31.846
721.000,31.852
721.100,31.854
721.200,31.852
721.300,31.844
721.400,31.828
721.500,31.804
721.600,31.774
721.700,31.739
721.800,31.703
721.900,31.668
722.000,31.637
722.100,31.612
722.200,31.596
722.300,31.591
722.400,31.596
722.500,31.606
722.600,31.617
722.700,31.626
722.800,31.630
722.900,31.623
723.000,31.603
723.100,31.566
723.200,31.513
723.300,31.450
723.400,31.382
723.500,31.312
723.600,31.246
723.700,31.189
723.800,31.145
723.900,31.118
724.000,31.107
724.100,31.109
724.200,31.118
724.300,31.130
724.400,31.140
724.500,31.145
724.600,31.139
724.700,31.120
724.800,31.087
724.900,31.046
725.000,31.002
725.100,30.961
725.200,30.926
725.300,30.904
725.400,30.900
725.500,30.917
725.600,30.956
725.700,31.011
725.800,31.077
725.900,31.148
726.000,31.220
726.100,31.287
726.200,31.343
726.300,31.384
726.400,31.409
726.500,31.420
726.600,31.420
726.700,31.413
726.800,31.400
726.900,31.385
727.000,31.370
727.100,31.359
727.200,31.352
727.300,31.349
727.400,31.349
727.500,31.351
727.600,31.354
727.700,31.358
727.800,31.362
727.900,31.365
728.000,31.367
728.100,31.368
728.200,31.368
728.300,31.368
728.400,31.367
728.500,31.366
728.600,31.365
728.700,31.364
728.800,31.363
728.900,31.363
729.000,31.363
729.100,31.363
729.200,31.363
729.300,31.364
729.400,31.364
729.500,31.364
729.600,31.364
729.700,31.364
729.800,31.364
729.900,31.364
730.000,31.364
730.100,31.364
730.200,31.364
730.300,31.364
730.400,31.364
730.500,31.364
730.600,31.364
730.700,31.364
730.800,31.364
730.900,31.364
731.000,31.364
731.100,31.364
731.200,31.364
731.300,31.364
731.400,31.364
731.500,31.364
731.600,31.364
731.700,31.364
731.800,31.364
731.900,31.364
732.000,31.364
732.100,31.364
732.200,31.364
732.300,31.364
732.400,31.364
732.500,31.364
732.600,31.364
732.700,31.364
732.800,31.364
732.900,31.364
733.000,31.364
733.100,31.364
733.200,31.364
733.300,31.364
733.400,31.364
733.500,31.364
733.600,31.364
733.700,31.365
733.800,31.365
733.900,31.365
734.000,31.365
734.100,31.365
734.200,31.365
734.300,31.364
734.400,31.363
734.500,31.362
734.600,31.361
734.700,31.360
734.800,31.360
734.900,31.360
735.000,31.362
735.100,31.364
735.200,31.368
735.300,31.372
735.400,31.376
735.500,31.379
735.600,31.380
735.700,31.378
735.800,31.373
735.900,31.364
736.000,31.350
736.100,31.335
736.200,31.320
736.300,31.309
736.400,31.305
736.500,31.311
736.600,31.329
736.700,31.363
736.800,31.414
736.900,31.478
737.000,31.549
737.100,31.623
737.200,31.692
737.300,31.753
737.400,31.798
737.500,31.823
737.600,31.824
737.700,31.804
737.800,31.769
737.900,31.726
738.000,31.681
738.100,31.640
738.200,31.609
738.300,31.594
738.400,31.602
738.500,31.627
738.600,31.664
738.700,31.708
738.800,31.752
738.900,31.790
739.000,31.816
739.100,31.825
739.200,31.811
739.300,31.776
739.400,31.725
739.500,31.662
739.600,31.591
739.700,31.517
739.800,31.444
739.900,31.377
740.000,31.319
740.100,31.271
740.200,31.233
740.300,31.202
740.400,31.178
740.500,31.160
740.600,31.146
740.700,31.136
740.800,31.129
740.900,31.123
741.000,31.120
741.100,31.118
741.200,31.119
741.300,31.121
741.400,31.126
741.500,31.132
741.600,31.140
741.700,31.148
741.800,31.156
741.900,31.163
742.000,31.166
742.100,31.164
742.200,31.156
742.300,31.141
742.400,31.117
742.500,31.087
742.600,31.051
742.700,31.015
742.800,30.979
742.900,30.947
743.000,30.922
743.100,30.907
743.200,30.904
743.300,30.913
743.400,30.932
743.500,30.960
743.600,30.994
743.700,31.033
743.800,31.074
743.900,31.116
744.000,31.157
744.100,31.196
744.200,31.231
744.300,31.264
744.400,31.293
744.500,31.319
744.600,31.340
744.700,31.358
744.800,31.370
744.900,31.378
745.000,31.382
745.100,31.383
745.200,31.382
745.300,31.378
745.400,31.373
745.500,31.367
745.600,31.361
745.700,31.356
745.800,31.352
745.900,31.349
746.000,31.347
746.100,31.348
746.200,31.352
746.300,31.359
746.400,31.369
746.500,31.382
746.600,31.395
746.700,31.407
746.800,31.414
746.900,31.414
747.000,31.404
747.100,31.383
747.200,31.348
747.300,31.300
747.400,31.241
747.500,31.176
747.600,31.108
747.700,31.042
747.800,30.982
747.900,30.930
748.000,30.892
748.100,30.868
748.200,30.857
748.300,30.855
748.400,30.860
748.500,30.871
748.600,30.884
748.700,30.896
748.800,30.907
748.900,30.913
749.000,30.917
749.100,30.917
749.200,30.916
749.300,30.913
749.400,30.910
749.500,30.906
749.600,30.903
749.700,30.901
749.800,30.901
749.900,30.900
750.000,30.901
750.100,30.901
750.200,30.902
750.300,30.903
750.400,30.904
750.500,30.905
750.600,30.905
750.700,30.905
750.800,30.905
750.900,30.905
751.000,30.905
751.100,30.904
751.200,30.904
751.300,30.904
751.400,30.903
751.500,30.903
751.600,30.903
751.700,30.903
751.800,30.903
751.900,30.903
752.000,30.904
752.100,30.905
752.200,30.906
752.300,30.907
752.400,30.907
752.500,30.908
752.600,30.907
752.700,30.906
752.800,30.904
752.900,30.901
753.000,30.897
753.100,30.894
753.200,30.891
753.300,30.891
753.400,30.892
753.500,30.896
753.600,30.904
753.700,30.917
753.800,30.933
753.900,30.954
754.000,30.980
754.100,31.011
754.200,31.046
754.300,31.088
754.400,31.134
754.500,31.186
754.600,31.242
754.700,31.301
754.800,31.362
754.900,31.423
755.000,31.482
755.100,31.539
755.200,31.592
755.300,31.640
755.400,31.682
755.500,31.719
755.600,31.751
755.700,31.777
755.800,31.798
755.900,31.814
756.000,31.824
756.100,31.828
756.200,31.829
756.300,31.827
756.400,31.823
756.500,31.820
756.600,31.818
756.700,31.818
756.800,31.823
756.900,31.833
757.000,31.846
757.100,31.860
757.200,31.870
757.300,31.876
757.400,31.873
757.500,31.859
757.600,31.831
757.700,31.786
757.800,31.729
757.900,31.662
758.000,31.592
758.100,31.523
758.200,31.460
758.300,31.407
758.400,31.370
758.500,31.352
758.600,31.351
758.700,31.361
758.800,31.377
758.900,31.391
759.000,31.400
759.100,31.396
759.200,31.374
759.300,31.328
759.400,31.262
759.500,31.178
759.600,31.084
759.700,30.983
759.800,30.882
759.900,30.785
760.000,30.698
760.100,30.625
760.200,30.568
760.300,30.523
760.400,30.491
760.500,30.469
760.600,30.455
760.700,30.447
760.800,30.444
760.900,30.444
761.000,30.446
761.100,30.449
761.200,30.452
761.300,30.454
761.400,30.455
761.500,30.453
761.600,30.447
761.700,30.437
761.800,30.425
761.900,30.411
762.000,30.400
762.100,30.394
762.200,30.395
762.300,30.406
762.400,30.429
762.500,30.467
762.600,30.519
762.700,30.581
762.800,30.648
762.900,30.717
763.000,30.782
763.100,30.840
763.200,30.887
763.300,30.918
763.400,30.933
763.500,30.937
763.600,30.932
763.700,30.922
763.800,30.911
763.900,30.903
764.000,30.901
764.100,30.909
764.200,30.928
764.300,30.955
764.400,30.988
764.500,31.023
764.600,31.059
764.700,31.092
764.800,31.121
764.900,31.142
765.000,31.155
765.100,31.160
765.200,31.161
765.300,31.157
765.400,31.151
765.500,31.144
765.600,31.137
765.700,31.133
765.800,31.131
765.900,31.131
766.000,31.132
766.100,31.134
766.200,31.136
766.300,31.136
766.400,31.136
766.500,31.133
766.600,31.128
766.700,31.122
766.800,31.116
766.900,31.112
767.000,31.111
767.100,31.114
767.200,31.123
767.300,31.140
767.400,31.163
767.500,31.192
767.600,31.224
767.700,31.258
767.800,31.291
767.900,31.322
768.000,31.348
768.100,31.368
768.200,31.381
768.300,31.388
768.400,31.389
768.500,31.387
768.600,31.381
768.700,31.375
768.800,31.369
768.900,31.363
769.000,31.360
769.100,31.358
769.200,31.357
769.300,31.358
769.400,31.359
769.500,31.361
769.600,31.363
769.700,31.364
769.800,31.365
769.900,31.366
770.000,31.366
770.100,31.366
770.200,31.365
770.300,31.365
770.400,31.364
770.500,31.364
770.600,31.364
770.700,31.364
770.800,31.364
770.900,31.364
771.000,31.364
771.100,31.364
771.200,31.364
771.300,31.364
771.400,31.364
771.500,31.364
771.600,31.364
771.700,31.365
771.800,31.365
771.900,31.364
772.000,31.364
772.100,31.364
772.200,31.364
772.300,31.363
772.400,31.363
772.500,31.363
772.600,31.363
772.700,31.363
772.800,31.363
772.900,31.364
773.000,31.365
773.100,31.367
773.200,31.368
773.300,31.369
773.400,31.369
773.500,31.369
773.600,31.367
773.700,31.364
773.800,31.360
773.900,31.355
774.000,31.351
774.100,31.347
774.200,31.346
774.300,31.347
774.400,31.353
774.500,31.363
774.600,31.378
774.700,31.399
774.800,31.424
774.900,31.453
775.000,31.484
775.100,31.518
775.200,31.553
775.300,31.589
775.400,31.625
775.500,31.660
775.600,31.694
775.700,31.726
775.800,31.756
775.900,31.782
776.000,31.804
776.100,31.821
776.200,31.834
776.300,31.841
776.400,31.845
776.500,31.845
776.600,31.842
776.700,31.838
776.800,31.832
776.900,31.826
777.000,31.820
777.100,31.814
777.200,31.810
777.300,31.807
777.400,31.807
777.500,31.808
777.600,31.813
777.700,31.821
777.800,31.833
777.900,31.847
778.000,31.861
778.100,31.871
778.200,31.877
778.300,31.874
778.400,31.861
778.500,31.836
778.600,31.795
778.700,31.741
778.800,31.678
778.900,31.611
779.000,31.542
779.100,31.478
779.200,31.421
779.300,31.377
779.400,31.348
779.500,31.335
779.600,31.333
779.700,31.340
779.800,31.350
779.900,31.361
780.000,31.368
780.100,31.367
780.200,31.356
780.300,31.334
780.400,31.304
780.500,31.269
780.600,31.232
780.700,31.197
780.800,31.166
780.900,31.142
781.000,31.128
781.100,31.124
781.200,31.127
781.300,31.135
781.400,31.143
781.500,31.149
781.600,31.149
781.700,31.142
781.800,31.123
781.900,31.094
782.000,31.057
782.100,31.017
782.200,30.978
782.300,30.944
782.400,30.918
782.500,30.905
782.600,30.907
782.700,30.926
782.800,30.956
782.900,30.994
783.000,31.035
783.100,31.074
783.200,31.106
783.300,31.128
783.400,31.135
783.500,31.125
783.600,31.103
783.700,31.072
783.800,31.034
783.900,30.994
784.000,30.955
784.100,30.921
784.200,30.896
784.300,30.879
784.400,30.871
784.500,30.870
784.600,30.873
784.700,30.880
784.800,30.889
784.900,30.898
785.000,30.906
785.100,30.912
785.200,30.916
785.300,30.917
785.400,30.917
785.500,30.915
785.600,30.912
785.700,30.908
785.800,30.902
785.900,30.896
786.000,30.890
786.100,30.885
786.200,30.882
786.300,30.882
786.400,30.886
786.500,30.894
786.600,30.908
786.700,30.927
786.800,30.951
786.900,30.979
787.000,31.010
787.100,31.043
787.200,31.076
787.300,31.109
787.400,31.140
787.500,31.169
787.600,31.197
787.700,31.224
787.800,31.251
787.900,31.279
788.000,31.307
788.100,31.337
788.200,31.369
788.300,31.404
788.400,31.439
788.500,31.475
788.600,31.508
788.700,31.538
788.800,31.564
788.900,31.583
789.000,31.595
789.100,31.598
789.200,31.596
789.300,31.590
789.400,31.582
789.500,31.577
789.600,31.575
789.700,31.581
789.800,31.595
789.900,31.621
790.000,31.654
790.100,31.692
790.200,31.730
790.300,31.767
790.400,31.797
790.500,31.817
790.600,31.824
790.700,31.816
790.800,31.795
790.900,31.764
791.000,31.728
791.100,31.689
791.200,31.651
791.300,31.619
791.400,31.595
791.500,31.582
791.600,31.578
791.700,31.581
791.800,31.587
791.900,31.595
792.000,31.601
792.100,31.602
792.200,31.595
792.300,31.579
792.400,31.554
792.500,31.524
792.600,31.490
792.700,31.455
792.800,31.421
792.900,31.391
793.000,31.366
793.100,31.350
793.200,31.341
793.300,31.338
793.400,31.340
793.500,31.344
793.600,31.351
793.700,31.358
793.800,31.363
793.900,31.367
794.000,31.368
794.100,31.368
794.200,31.367
794.300,31.365
794.400,31.364
794.500,31.363
794.600,31.364
794.700,31.366
794.800,31.370
794.900,31.375
795.000,31.379
795.100,31.381
795.200,31.380
795.300,31.376
795.400,31.367
795.500,31.353
795.600,31.333
795.700,31.309
795.800,31.281
795.900,31.250
796.000,31.216
796.100,31.181
796.200,31.145
796.300,31.108
796.400,31.073
796.500,31.038
796.600,31.006
796.700,30.976
796.800,30.949
796.900,30.927
797.000,30.909
797.100,30.896
797.200,30.889
797.300,30.886
797.400,30.886
797.500,30.888
797.600,30.893
797.700,30.898
797.800,30.902
797.900,30.906
798.000,30.909
798.100,30.910
798.200,30.911
798.300,30.910
798.400,30.909
798.500,30.907
798.600,30.905
798.700,30.902
798.800,30.900
798.900,30.897
799.000,30.895
799.100,30.895
799.200,30.895
799.300,30.897
799.400,30.901
799.500,30.908
799.600,30.916
799.700,30.924
799.800,30.931
799.900,30.935
800.000,30.935
800.100,30.928
800.200,30.915
800.300,30.892
800.400,30.860
800.500,30.824
800.600,30.786
800.700,30.749
800.800,30.716
800.900,30.691
801.000,30.676
801.100,30.675
801.200,30.689
801.300,30.713
801.400,30.745
801.500,30.782
801.600,30.820
801.700,30.857
801.800,30.889
801.900,30.912
802.000,30.927
802.100,30.933
802.200,30.934
802.300,30.930
802.400,30.923
802.500,30.915
802.600,30.908
802.700,30.902
802.800,30.899
802.900,30.899
803.000,30.900
803.100,30.901
803.200,30.903
803.300,30.905
803.400,30.905
803.500,30.903
803.600,30.900
803.700,30.896
803.800,30.891
803.900,30.888
804.000,30.888
804.100,30.890
804.200,30.896
804.300,30.908
804.400,30.925
804.500,30.947
804.600,30.973
804.700,31.003
804.800,31.035
804.900,31.070
805.000,31.106
805.100,31.142
805.200,31.178
805.300,31.214
805.400,31.247
805.500,31.279
805.600,31.307
805.700,31.331
805.800,31.351
805.900,31.366
806.000,31.376
806.100,31.380
806.200,31.381
806.300,31.380
806.400,31.376
806.500,31.372
806.600,31.367
806.700,31.364
806.800,31.362
806.900,31.362
807.000,31.362
807.100,31.363
807.200,31.364
807.300,31.365
807.400,31.365
807.500,31.364
807.600,31.362
807.700,31.358
807.800,31.355
807.900,31.353
808.000,31.352
808.100,31.353
808.200,31.357
808.300,31.365
808.400,31.376
808.500,31.389
808.600,31.401
808.700,31.410
808.800,31.413
808.900,31.408
809.000,31.393
809.100,31.364
809.200,31.321
809.300,31.265
809.400,31.202
809.500,31.135
809.600,31.068
809.700,31.005
809.800,30.949
809.900,30.905
810.000,30.876
810.100,30.860
810.200,30.854
810.300,30.857
810.400,30.866
810.500,30.878
810.600,30.892
810.700,30.903
810.800,30.911
810.900,30.915
811.000,30.917
811.100,30.916
811.200,30.914
811.300,30.910
811.400,30.907
811.500,30.904
811.600,30.903
811.700,30.902
811.800,30.902
811.900,30.903
812.000,30.903
812.100,30.904
812.200,30.904
812.300,30.904
812.400,30.903
812.500,30.901
812.600,30.899
812.700,30.897
812.800,30.896
812.900,30.897
813.000,30.899
813.100,30.903
813.200,30.909
813.300,30.917
813.400,30.926
813.500,30.932
813.600,30.935
813.700,30.934
813.800,30.926
813.900,30.910
814.000,30.885
814.100,30.852
814.200,30.815
814.300,30.776
814.400,30.740
814.500,30.709
814.600,30.686
814.700,30.675
814.800,30.678
814.900,30.694
815.000,30.721
815.100,30.754
815.200,30.792
815.300,30.830
815.400,30.866
815.500,30.895
815.600,30.917
815.700,30.929
815.800,30.934
815.900,30.933
816.000,30.928
816.100,30.921
816.200,30.913
816.300,30.906
816.400,30.902
816.500,30.900
816.600,30.900
816.700,30.901
816.800,30.903
816.900,30.905
817.000,30.906
817.100,30.905
817.200,30.902
817.300,30.896
817.400,30.890
817.500,30.885
817.600,30.882
817.700,30.881
817.800,30.886
817.900,30.896
818.000,30.914
818.100,30.939
818.200,30.968
818.300,31.001
818.400,31.035
818.500,31.067
818.600,31.098
818.700,31.123
818.800,31.142
818.900,31.154
819.000,31.160
819.100,31.161
819.200,31.158
819.300,31.152
819.400,31.145
819.500,31.138
819.600,31.131
819.700,31.126
819.800,31.122
819.900,31.120
820.000,31.119
820.100,31.121
820.200,31.124
820.300,31.129
820.400,31.137
820.500,31.147
820.600,31.156
820.700,31.164
820.800,31.169
820.900,31.169
821.000,31.163
821.100,31.149
821.200,31.125
821.300,31.092
821.400,31.053
821.500,31.012
821.600,30.973
821.700,30.939
821.800,30.914
821.900,30.902
822.000,30.907
822.100,30.930
822.200,30.969
822.300,31.021
822.400,31.083
822.500,31.153
822.600,31.228
822.700,31.306
822.800,31.384
822.900,31.459
823.000,31.531
823.100,31.598
823.200,31.660
823.300,31.715
823.400,31.763
823.500,31.801
823.600,31.829
823.700,31.847
823.800,31.857
823.900,31.859
824.000,31.856
824.100,31.849
824.200,31.840
824.300,31.831
824.400,31.823
824.500,31.818
824.600,31.815
824.700,31.814
824.800,31.815
824.900,31.817
825.000,31.819
825.100,31.822
825.200,31.825
825.300,31.827
825.400,31.828
825.500,31.829
825.600,31.830
825.700,31.830
825.800,31.829
825.900,31.827
826.000,31.824
826.100,31.821
826.200,31.817
826.300,31.813
826.400,31.811
826.500,31.810
826.600,31.812
826.700,31.817
826.800,31.825
826.900,31.836
827.000,31.849
827.100,31.862
827.200,31.871
827.300,31.874
827.400,31.869
827.500,31.853
827.600,31.825
827.700,31.781
827.800,31.726
827.900,31.663
828.000,31.596
828.100,31.529
828.200,31.466
828.300,31.410
828.400,31.366
828.500,31.337
828.600,31.320
828.700,31.315
828.800,31.318
828.900,31.326
829.000,31.339
829.100,31.352
829.200,31.363
829.300,31.371
829.400,31.375
829.500,31.376
829.600,31.376
829.700,31.373
829.800,31.370
829.900,31.367
830.000,31.364
830.100,31.363
830.200,31.363
830.300,31.364
830.400,31.365
830.500,31.366
830.600,31.367
830.700,31.366
830.800,31.365
830.900,31.361
831.000,31.357
831.100,31.353
831.200,31.349
831.300,31.347
831.400,31.348
831.500,31.353
831.600,31.361
831.700,31.375
831.800,31.395
831.900,31.418
832.000,31.446
832.100,31.477
832.200,31.511
832.300,31.546
832.400,31.584
832.500,31.622
832.600,31.660
832.700,31.697
832.800,31.731
832.900,31.762
833.000,31.788
833.100,31.808
833.200,31.822
833.300,31.827
833.400,31.826
833.500,31.820
833.600,31.813
833.700,31.806
833.800,31.803
833.900,31.806
834.000,31.817
834.100,31.840
834.200,31.871
834.300,31.909
834.400,31.949
834.500,31.987
834.600,32.020
834.700,32.043
834.800,32.054
834.900,32.049
835.000,32.028
835.100,31.997
835.200,31.958
835.300,31.918
835.400,31.880
835.500,31.849
835.600,31.828
835.700,31.824
835.800,31.835
835.900,31.858
836.000,31.891
836.100,31.928
836.200,31.968
836.300,32.007
836.400,32.040
836.500,32.066
836.600,32.082
836.700,32.091
836.800,32.093
836.900,32.089
837.000,32.082
837.100,32.072
837.200,32.061
837.300,32.049
837.400,32.039
837.500,32.031
837.600,32.025
837.700,32.022
837.800,32.024
837.900,32.031
838.000,32.044
838.100,32.063
838.200,32.089
838.300,32.118
838.400,32.151
838.500,32.184
838.600,32.217
838.700,32.247
838.800,32.272
838.900,32.291
839.000,32.302
839.100,32.308
839.200,32.309
839.300,32.307
839.400,32.302
839.500,32.295
839.600,32.289
839.700,32.283
839.800,32.278
839.900,32.275
840.000,32.274
840.100,32.274
840.200,32.275
840.300,32.278
840.400,32.281
840.500,32.286
840.600,32.291
840.700,32.296
840.800,32.301
840.900,32.303
841.000,32.304
841.100,32.300
841.200,32.293
841.300,32.281
841.400,32.263
841.500,32.241
841.600,32.215
841.700,32.185
841.800,32.153
841.900,32.119
842.000,32.083
842.100,32.047
842.200,32.011
842.300,31.976
842.400,31.942
842.500,31.911
842.600,31.883
842.700,31.858
842.800,31.837
842.900,31.822
843.000,31.813
843.100,31.808
843.200,31.806
843.300,31.808
843.400,31.812
843.500,31.816
843.600,31.821
843.700,31.825
843.800,31.827
843.900,31.828
844.000,31.828
844.100,31.827
844.200,31.826
844.300,31.825
844.400,31.824
844.500,31.824
844.600,31.825
844.700,31.826
844.800,31.827
844.900,31.829
845.000,31.829
845.100,31.829
845.200,31.827
845.300,31.824
845.400,31.819
845.500,31.813
845.600,31.808
845.700,31.804
845.800,31.802
845.900,31.804
846.000,31.811
846.100,31.824
846.200,31.843
846.300,31.868
846.400,31.897
846.500,31.929
846.600,31.962
846.700,31.995
846.800,32.025
846.900,32.053
847.000,32.075
847.100,32.092
847.200,32.104
847.300,32.109
847.400,32.107
847.500,32.098
847.600,32.082
847.700,32.058
847.800,32.025
847.900,31.987
848.000,31.947
848.100,31.907
848.200,31.872
848.300,31.844
848.400,31.827
848.500,31.823
848.600,31.836
848.700,31.864
848.800,31.900
848.900,31.940
849.000,31.981
849.100,32.016
849.200,32.042
849.300,32.054
849.400,32.048
849.500,32.025
849.600,31.992
849.700,31.952
849.800,31.910
849.900,31.872
850.000,31.842
850.100,31.826
850.200,31.826
850.300,31.843
850.400,31.872
850.500,31.908
850.600,31.948
850.700,31.988
850.800,32.023
850.900,32.049
851.000,32.063
851.100,32.065
851.200,32.060
851.300,32.050
851.400,32.041
851.500,32.035
851.600,32.036
851.700,32.047
851.800,32.073
851.900,32.113
852.000,32.164
852.100,32.224
852.200,32.289
852.300,32.357
852.400,32.425
852.500,32.491
852.600,32.551
852.700,32.604
852.800,32.650
852.900,32.688
853.000,32.718
853.100,32.738
853.200,32.748
853.300,32.748
853.400,32.737
853.500,32.716
853.600,32.688
853.700,32.655
853.800,32.619
853.900,32.584
854.000,32.552
854.100,32.525
854.200,32.505
854.300,32.493
854.400,32.489
854.500,32.489
854.600,32.493
854.700,32.499
854.800,32.506
854.900,32.512
855.000,32.516
855.100,32.518
855.200,32.518
855.300,32.516
855.400,32.514
855.500,32.513
855.600,32.512
855.700,32.513
855.800,32.516
855.900,32.522
856.000,32.528
856.100,32.533
856.200,32.537
856.300,32.538
856.400,32.534
856.500,32.524
856.600,32.507
856.700,32.483
856.800,32.453
856.900,32.421
857.000,32.387
857.100,32.354
857.200,32.324
857.300,32.298
857.400,32.278
857.500,32.266
857.600,32.261
857.700,32.260
857.800,32.262
857.900,32.268
858.000,32.274
858.100,32.281
858.200,32.286
858.300,32.289
858.400,32.291
858.500,32.291
858.600,32.290
858.700,32.289
858.800,32.287
858.900,32.285
859.000,32.284
859.100,32.284
859.200,32.283
859.300,32.284
859.400,32.284
859.500,32.284
859.600,32.285
859.700,32.285
859.800,32.284
859.900,32.283
860.000,32.282
860.100,32.281
860.200,32.281
860.300,32.280
860.400,32.281
860.500,32.282
860.600,32.285
860.700,32.289
860.800,32.293
860.900,32.297
861.000,32.300
861.100,32.301
861.200,32.299
861.300,32.293
861.400,32.283
861.500,32.267
861.600,32.247
861.700,32.223
861.800,32.195
861.900,32.163
862.000,32.128
862.100,32.090
862.200,32.051
862.300,32.009
862.400,31.968
862.500,31.928
862.600,31.893
862.700,31.862
862.800,31.840
862.900,31.827
863.000,31.824
863.100,31.834
863.200,31.855
863.300,31.883
863.400,31.916
863.500,31.953
863.600,31.990
863.700,32.024
863.800,32.054
863.900,32.078
864.000,32.095
864.100,32.104
864.200,32.108
864.300,32.104
864.400,32.094
864.500,32.078
864.600,32.055
864.700,32.027
864.800,31.994
864.900,31.960
865.000,31.925
865.100,31.892
865.200,31.863
865.300,31.840
865.400,31.825
865.500,31.820
865.600,31.825
865.700,31.839
865.800,31.863
865.900,31.896
866.000,31.937
866.100,31.988
866.200,32.046
866.300,32.112
866.400,32.184
866.500,32.256
866.600,32.326
866.700,32.390
866.800,32.445
866.900,32.487
867.000,32.512
867.100,32.518
867.200,32.506
867.300,32.480
867.400,32.446
867.500,32.405
867.600,32.363
867.700,32.323
867.800,32.290
867.900,32.267
868.000,32.254
868.100,32.249
868.200,32.250
868.300,32.256
868.400,32.264
868.500,32.274
868.600,32.282
868.700,32.289
868.800,32.292
868.900,32.294
869.000,32.294
869.100,32.292
869.200,32.290
869.300,32.287
869.400,32.285
869.500,32.283
869.600,32.282
869.700,32.282
869.800,32.282
869.900,32.282
870.000,32.283
870.100,32.284
870.200,32.284
870.300,32.285
870.400,32.285
870.500,32.285
870.600,32.285
870.700,32.285
870.800,32.285
870.900,32.285
871.000,32.284
871.100,32.284
871.200,32.284
871.300,32.284
871.400,32.284
871.500,32.284
871.600,32.284
871.700,32.284
871.800,32.284
871.900,32.284
872.000,32.285
872.100,32.285
872.200,32.285
872.300,32.285
872.400,32.285
872.500,32.285
872.600,32.285
872.700,32.284
872.800,32.284
872.900,32.283
873.000,32.283
873.100,32.283
873.200,32.283
873.300,32.283
873.400,32.284
873.500,32.285
873.600,32.287
873.700,32.288
873.800,32.290
873.900,32.291
874.000,32.291
874.100,32.290
874.200,32.287
874.300,32.282
874.400,32.276
874.500,32.269
874.600,32.264
874.700,32.260
874.800,32.260
874.900,32.264
875.000,32.275
875.100,32.292
875.200,32.316
875.300,32.345
875.400,32.378
875.500,32.412
875.600,32.445
875.700,32.475
875.800,32.501
875.900,32.520
876.000,32.532
876.100,32.538
876.200,32.540
876.300,32.537
876.400,32.532
876.500,32.525
876.600,32.519
876.700,32.513
876.800,32.509
876.900,32.507
877.000,32.506
877.100,32.507
877.200,32.508
877.300,32.510
877.400,32.512
877.500,32.515
877.600,32.518
877.700,32.520
877.800,32.522
877.900,32.523
878.000,32.523
878.100,32.522
878.200,32.519
878.300,32.513
878.400,32.506
878.500,32.498
878.600,32.491
878.700,32.487
878.800,32.485
878.900,32.489
879.000,32.500
879.100,32.518
879.200,32.545
879.300,32.577
879.400,32.612
879.500,32.649
879.600,32.683
879.700,32.712
879.800,32.734
879.900,32.745
880.000,32.745
880.100,32.734
880.200,32.713
880.300,32.684
880.400,32.647
880.500,32.606
880.600,32.560
880.700,32.511
880.800,32.460
880.900,32.411
881.000,32.366
881.100,32.326
881.200,32.296
881.300,32.278
881.400,32.273
881.500,32.285
881.600,32.315
881.700,32.357
881.800,32.406
881.900,32.454
882.000,32.496
882.100,32.524
882.200,32.532
882.300,32.515
882.400,32.467
882.500,32.394
882.600,32.302
882.700,32.200
882.800,32.094
882.900,31.992
883.000,31.901
883.100,31.828
883.200,31.779
883.300,31.752
883.400,31.742
883.500,31.747
883.600,31.762
883.700,31.782
883.800,31.804
883.900,31.823
884.000,31.836
884.100,31.843
884.200,31.845
884.300,31.843
884.400,31.840
884.500,31.834
884.600,31.829
884.700,31.825
884.800,31.822
884.900,31.822
885.000,31.823
885.100,31.825
885.200,31.826
885.300,31.827
885.400,31.827
885.500,31.825
885.600,31.820
885.700,31.815
885.800,31.808
885.900,31.803
886.000,31.801
886.100,31.802
886.200,31.808
886.300,31.820
886.400,31.840
886.500,31.867
886.600,31.897
886.700,31.931
886.800,31.965
886.900,31.997
887.000,32.026
887.100,32.049
887.200,32.065
887.300,32.074
887.400,32.077
887.500,32.076
887.600,32.072
887.700,32.067
887.800,32.061
887.900,32.055
888.000,32.053
888.100,32.052
888.200,32.053
888.300,32.055
888.400,32.057
888.500,32.058
888.600,32.058
888.700,32.056
888.800,32.051
888.900,32.043
889.000,32.036
889.100,32.029
889.200,32.025
889.300,32.026
889.400,32.032
889.500,32.046
889.600,32.069
889.700,32.100
889.800,32.136
889.900,32.174
890.000,32.211
890.100,32.243
890.200,32.268
890.300,32.282
890.400,32.283
890.500,32.270
890.600,32.247
890.700,32.216
890.800,32.179
890.900,32.141
891.000,32.103
891.100,32.069
891.200,32.041
891.300,32.021
891.400,32.008
891.500,32.002
891.600,32.003
891.700,32.010
891.800,32.023
891.900,32.042
892.000,32.066
892.100,32.094
892.200,32.126
892.300,32.159
892.400,32.191
892.500,32.223
892.600,32.250
892.700,32.274
892.800,32.291
892.900,32.301
893.000,32.306
893.100,32.307
893.200,32.304
893.300,32.299
893.400,32.293
893.500,32.287
893.600,32.283
893.700,32.280
893.800,32.279
893.900,32.279
894.000,32.280
894.100,32.281
894.200,32.282
894.300,32.284
894.400,32.285
894.500,32.285
894.600,32.285
894.700,32.284
894.800,32.284
894.900,32.283
895.000,32.283
895.100,32.284
895.200,32.285
895.300,32.287
895.400,32.289
895.500,32.291
895.600,32.292
895.700,32.292
895.800,32.291
895.900,32.288
896.000,32.283
896.100,32.275
896.200,32.267
896.300,32.259
896.400,32.254
896.500,32.253
896.600,32.258
896.700,32.269
896.800,32.289
896.900,32.318
897.000,32.353
897.100,32.391
897.200,32.429
897.300,32.463
897.400,32.491
897.500,32.509
897.600,32.514
897.700,32.505
897.800,32.484
897.900,32.454
898.000,32.418
898.100,32.380
898.200,32.342
898.300,32.309
898.400,32.282
898.500,32.265
898.600,32.255
898.700,32.253
898.800,32.255
898.900,32.261
899.000,32.269
899.100,32.277
899.200,32.285
899.300,32.290
899.400,32.293
899.500,32.294
899.600,32.294
899.700,32.292
899.800,32.290
899.900,32.287
900.000,32.284
900.100,32.282
900.200,32.279
900.300,32.278
900.400,32.277
900.500,32.277
900.600,32.278
900.700,32.280
900.800,32.284
900.900,32.290
901.000,32.300
901.100,32.314
901.200,32.334
901.300,32.362
901.400,32.400
901.500,32.449
901.600,32.510
901.700,32.584
901.800,32.669
901.900,32.762
902.000,32.857
902.100,32.952
902.200,33.043
902.300,33.126
902.400,33.197
902.500,33.254
902.600,33.298
902.700,33.331
902.800,33.356
902.900,33.376
903.000,33.393
903.100,33.411
903.200,33.431
903.300,33.456
903.400,33.486
903.500,33.519
903.600,33.552
903.700,33.585
903.800,33.615
903.900,33.641
904.000,33.662
904.100,33.674
904.200,33.680
904.300,33.681
904.400,33.678
904.500,33.674
904.600,33.669
904.700,33.665
904.800,33.664
904.900,33.668
905.000,33.675
905.100,33.683
905.200,33.690
905.300,33.695
905.400,33.694
905.500,33.687
905.600,33.671
905.700,33.645
905.800,33.610
905.900,33.569
906.000,33.528
906.100,33.490
906.200,33.459
906.300,33.438
906.400,33.433
906.500,33.445
906.600,33.476
906.700,33.521
906.800,33.578
906.900,33.645
907.000,33.717
907.100,33.792
907.200,33.867
907.300,33.939
907.400,34.007
907.500,34.071
907.600,34.131
907.700,34.188
907.800,34.241
907.900,34.290
908.000,34.336
908.100,34.379
908.200,34.419
908.300,34.456
908.400,34.488
908.500,34.517
908.600,34.542
908.700,34.563
908.800,34.579
908.900,34.591
909.000,34.598
909.100,34.602
909.200,34.602
909.300,34.601
909.400,34.597
909.500,34.593
909.600,34.588
909.700,34.583
909.800,34.579
909.900,34.576
910.000,34.573
910.100,34.573
910.200,34.574
910.300,34.577
910.400,34.581
910.500,34.589
910.600,34.597
910.700,34.606
910.800,34.614
910.900,34.619
911.000,34.618
911.100,34.612
911.200,34.598
911.300,34.574
911.400,34.541
911.500,34.498
911.600,34.447
911.700,34.389
911.800,34.323
911.900,34.252
912.000,34.176
912.100,34.096
912.200,34.012
912.300,33.926
912.400,33.839
912.500,33.750
912.600,33.662
912.700,33.576
912.800,33.491
912.900,33.410
913.000,33.332
913.100,33.259
913.200,33.192
913.300,33.131
913.400,33.077
913.500,33.032
913.600,32.995
913.700,32.968
913.800,32.952
913.900,32.943
914.000,32.941
914.100,32.944
914.200,32.951
914.300,32.960
914.400,32.969
914.500,32.976
914.600,32.981
914.700,32.984
914.800,32.985
914.900,32.984
915.000,32.982
915.100,32.980
915.200,32.977
915.300,32.974
915.400,32.972
915.500,32.969
915.600,32.968
915.700,32.967
915.800,32.968
915.900,32.969
916.000,32.971
916.100,32.975
916.200,32.980
916.300,32.986
916.400,32.991
916.500,32.994
916.600,32.995
916.700,32.992
916.800,32.986
916.900,32.973
917.000,32.955
917.100,32.932
917.200,32.905
917.300,32.874
917.400,32.842
917.500,32.808
917.600,32.775
917.700,32.743
917.800,32.713
917.900,32.684
918.000,32.656
918.100,32.629
918.200,32.601
918.300,32.574
918.400,32.545
918.500,32.514
918.600,32.482
918.700,32.449
918.800,32.416
918.900,32.384
919.000,32.353
919.100,32.326
919.200,32.303
919.300,32.285
919.400,32.273
919.500,32.266
919.600,32.263
919.700,32.264
919.800,32.267
919.900,32.272
920.000,32.278
920.100,32.284
920.200,32.289
920.300,32.293
920.400,32.296
920.500,32.297
920.600,32.297
920.700,32.295
920.800,32.291
920.900,32.285
921.000,32.277
921.100,32.269
921.200,32.260
921.300,32.254
921.400,32.252
921.500,32.254
921.600,32.263
921.700,32.281
921.800,32.307
921.900,32.340
922.000,32.377
922.100,32.416
922.200,32.452
922.300,32.482
922.400,32.504
922.500,32.514
922.600,32.510
922.700,32.493
922.800,32.465
922.900,32.431
923.000,32.394
923.100,32.355
923.200,32.320
923.300,32.291
923.400,32.270
923.500,32.258
923.600,32.253
923.700,32.254
923.800,32.259
923.900,32.266
924.000,32.275
924.100,32.282
924.200,32.288
924.300,32.291
924.400,32.293
924.500,32.292
924.600,32.291
924.700,32.289
924.800,32.287
924.900,32.285
925.000,32.284
925.100,32.283
925.200,32.282
925.300,32.283
925.400,32.283
925.500,32.284
925.600,32.284
925.700,32.284
925.800,32.284
925.900,32.284
926.000,32.284
926.100,32.283
926.200,32.283
926.300,32.283
926.400,32.283
926.500,32.284
926.600,32.285
926.700,32.287
926.800,32.289
926.900,32.290
927.000,32.291
927.100,32.291
927.200,32.289
927.300,32.286
927.400,32.282
927.500,32.275
927.600,32.269
927.700,32.263
927.800,32.260
927.900,32.260
928.000,32.265
928.100,32.276
928.200,32.294
928.300,32.319
928.400,32.349
928.500,32.381
928.600,32.415
928.700,32.448
928.800,32.478
928.900,32.503
929.000,32.521
929.100,32.532
929.200,32.537
929.300,32.537
929.400,32.534
929.500,32.528
929.600,32.522
929.700,32.517
929.800,32.513
929.900,32.512
930.000,32.513
930.100,32.515
930.200,32.517
930.300,32.519
930.400,32.519
930.500,32.517
930.600,32.513
930.700,32.505
930.800,32.497
930.900,32.489
931.000,32.484
931.100,32.483
931.200,32.488
931.300,32.500
931.400,32.522
931.500,32.553
931.600,32.589
931.700,32.629
931.800,32.667
931.900,32.701
932.000,32.727
932.100,32.743
932.200,32.743
932.300,32.728
932.400,32.701
932.500,32.666
932.600,32.627
932.700,32.588
932.800,32.553
932.900,32.527
933.000,32.513
933.100,32.513
933.200,32.527
933.300,32.551
933.400,32.584
933.500,32.622
933.600,32.665
933.700,32.708
933.800,32.752
933.900,32.792
934.000,32.830
934.100,32.864
934.200,32.895
934.300,32.922
934.400,32.944
934.500,32.963
934.600,32.976
934.700,32.985
934.800,32.989
934.900,32.991
935.000,32.989
935.100,32.986
935.200,32.982
935.300,32.978
935.400,32.974
935.500,32.972
935.600,32.971
935.700,32.970
935.800,32.971
935.900,32.971
936.000,32.973
936.100,32.974
936.200,32.975
936.300,32.975
936.400,32.976
936.500,32.976
936.600,32.976
936.700,32.975
936.800,32.975
936.900,32.975
937.000,32.975
937.100,32.974
937.200,32.974
937.300,32.974
937.400,32.974
937.500,32.974
937.600,32.974
937.700,32.975
937.800,32.975
937.900,32.975
938.000,32.975
938.100,32.975
938.200,32.975
938.300,32.975
938.400,32.975
938.500,32.975
938.600,32.975
938.700,32.975
938.800,32.975
938.900,32.975
939.000,32.975
939.100,32.975
939.200,32.975
939.300,32.975
939.400,32.975
939.500,32.975
939.600,32.975
939.700,32.974
939.800,32.974
939.900,32.974
940.000,32.974
940.100,32.974
940.200,32.975
940.300,32.975
940.400,32.975
940.500,32.975
940.600,32.975
940.700,32.975
940.800,32.975
940.900,32.975
941.000,32.975
941.100,32.974
941.200,32.973
941.300,32.973
941.400,32.972
941.500,32.972
941.600,32.972
941.700,32.973
941.800,32.974
941.900,32.976
942.000,32.979
942.100,32.981
942.200,32.983
942.300,32.984
942.400,32.984
942.500,32.982
942.600,32.977
942.700,32.969
942.800,32.960
942.900,32.950
943.000,32.943
943.100,32.939
943.200,32.940
943.300,32.948
943.400,32.966
943.500,32.994
943.600,33.032
943.700,33.080
943.800,33.135
943.900,33.197
944.000,33.263
944.100,33.333
944.200,33.405
944.300,33.478
944.400,33.549
944.500,33.619
944.600,33.684
944.700,33.745
944.800,33.799
944.900,33.845
945.000,33.882
945.100,33.908
945.200,33.924
945.300,33.931
945.400,33.931
945.500,33.926
945.600,33.918
945.700,33.908
945.800,33.899
945.900,33.892
946.000,33.887
946.100,33.885
946.200,33.884
946.300,33.886
946.400,33.888
946.500,33.891
946.600,33.893
946.700,33.896
946.800,33.898
946.900,33.900
947.000,33.901
947.100,33.901
947.200,33.900
947.300,33.899
947.400,33.897
947.500,33.893
947.600,33.890
947.700,33.886
947.800,33.883
947.900,33.881
948.000,33.881
948.100,33.883
948.200,33.889
948.300,33.899
948.400,33.912
948.500,33.926
948.600,33.938
948.700,33.946
948.800,33.947
948.900,33.938
949.000,33.917
949.100,33.881
949.200,33.830
949.300,33.765
949.400,33.687
949.500,33.599
949.600,33.501
949.700,33.397
949.800,33.286
949.900,33.172
950.000,33.056
950.100,32.943
950.200,32.835
950.300,32.736
950.400,32.651
950.500,32.583
950.600,32.535
950.700,32.511
950.800,32.513
950.900,32.534
951.000,32.569
951.100,32.612
951.200,32.657
951.300,32.698
951.400,32.730
951.500,32.746
951.600,32.744
951.700,32.726
951.800,32.697
951.900,32.659
952.000,32.618
952.100,32.577
952.200,32.540
952.300,32.511
952.400,32.492
952.500,32.482
952.600,32.479
952.700,32.482
952.800,32.489
952.900,32.498
953.000,32.507
953.100,32.515
953.200,32.521
953.300,32.523
953.400,32.524
953.500,32.524
953.600,32.522
953.700,32.520
953.800,32.517
953.900,32.514
954.000,32.512
954.100,32.511
954.200,32.510
954.300,32.510
954.400,32.510
954.500,32.511
954.600,32.513
954.700,32.515
954.800,32.517
954.900,32.519
955.000,32.521
955.100,32.523
955.200,32.523
955.300,32.522
955.400,32.520
955.500,32.515
955.600,32.507
955.700,32.499
955.800,32.491
955.900,32.485
956.000,32.483
956.100,32.486
956.200,32.495
956.300,32.513
956.400,32.540
956.500,32.574
956.600,32.611
956.700,32.649
956.800,32.685
956.900,32.715
957.000,32.736
957.100,32.744
957.200,32.739
957.300,32.720
957.400,32.692
957.500,32.658
957.600,32.620
957.700,32.582
957.800,32.547
957.900,32.518
958.000,32.498
958.100,32.487
958.200,32.482
958.300,32.483
958.400,32.489
958.500,32.496
958.600,32.505
958.700,32.513
958.800,32.519
958.900,32.524
959.000,32.526
959.100,32.526
959.200,32.526
959.300,32.523
959.400,32.520
959.500,32.516
959.600,32.511
959.700,32.506
959.800,32.501
959.900,32.498
960.000,32.496
960.100,32.498
960.200,32.502
960.300,32.511
960.400,32.525
960.500,32.543
960.600,32.565
960.700,32.592
960.800,32.622
960.900,32.655
961.000,32.692
961.100,32.731
961.200,32.772
961.300,32.814
961.400,32.855
961.500,32.893
961.600,32.926
961.700,32.952
961.800,32.969
961.900,32.975
962.000,32.969
962.100,32.951
962.200,32.924
962.300,32.891
962.400,32.854
962.500,32.818
962.600,32.783
962.700,32.754
962.800,32.734
962.900,32.721
963.000,32.715
963.100,32.715
963.200,32.720
963.300,32.726
963.400,32.734
963.500,32.742
963.600,32.747
963.700,32.751
963.800,32.752
963.900,32.752
964.000,32.751
964.100,32.750
964.200,32.747
964.300,32.745
964.400,32.744
964.500,32.743
964.600,32.742
964.700,32.742
964.800,32.743
964.900,32.743
965.000,32.744
965.100,32.744
965.200,32.745
965.300,32.745
965.400,32.745
965.500,32.745
965.600,32.745
965.700,32.745
965.800,32.745
965.900,32.745
966.000,32.744
966.100,32.744
966.200,32.744
966.300,32.744
966.400,32.744
966.500,32.744
966.600,32.744
966.700,32.745
966.800,32.745
966.900,32.745
967.000,32.745
967.100,32.745
967.200,32.745
967.300,32.745
967.400,32.745
967.500,32.745
967.600,32.745
967.700,32.744
967.800,32.744
967.900,32.744
968.000,32.744
968.100,32.744
968.200,32.744
968.300,32.744
968.400,32.745
968.500,32.745
968.600,32.745
968.700,32.745
968.800,32.745
968.900,32.745
969.000,32.745
969.100,32.745
969.200,32.744
969.300,32.744
969.400,32.743
969.500,32.742
969.600,32.742
969.700,32.742
969.800,32.742
969.900,32.743
970.000,32.745
970.100,32.748
970.200,32.751
970.300,32.753
970.400,32.755
970.500,32.756
970.600,32.754
970.700,32.750
970.800,32.743
970.900,32.734
971.000,32.723
971.100,32.713
971.200,32.706
971.300,32.703
971.400,32.708
971.500,32.722
971.600,32.747
971.700,32.785
971.800,32.832
971.900,32.888
972.000,32.950
972.100,33.015
972.200,33.081
972.300,33.146
972.400,33.208
972.500,33.264
972.600,33.313
972.700,33.356
972.800,33.390
972.900,33.416
973.000,33.433
973.100,33.439
973.200,33.435
973.300,33.419
973.400,33.395
973.500,33.364
973.600,33.329
973.700,33.293
973.800,33.259
973.900,33.229
974.000,33.205
974.100,33.191
974.200,33.184
974.300,33.183
974.400,33.186
974.500,33.192
974.600,33.198
974.700,33.203
974.800,33.205
974.900,33.202
975.000,33.196
975.100,33.189
975.200,33.183
975.300,33.179
975.400,33.180
975.500,33.187
975.600,33.202
975.700,33.227
975.800,33.260
975.900,33.297
976.000,33.335
976.100,33.372
976.200,33.402
976.300,33.424
976.400,33.434
976.500,33.430
976.600,33.412
976.700,33.385
976.800,33.350
976.900,33.313
977.000,33.274
977.100,33.239
977.200,33.210
977.300,33.190
977.400,33.178
977.500,33.173
977.600,33.174
977.700,33.180
977.800,33.187
977.900,33.195
978.000,33.203
978.100,33.208
978.200,33.212
978.300,33.213
978.400,33.212
978.500,33.211
978.600,33.209
978.700,33.207
978.800,33.205
978.900,33.204
979.000,33.204
979.100,33.204
979.200,33.204
979.300,33.205
979.400,33.205
979.500,33.205
979.600,33.205
979.700,33.204
979.800,33.202
979.900,33.200
980.000,33.199
980.100,33.198
980.200,33.198
980.300,33.199
980.400,33.203
980.500,33.208
980.600,33.215
980.700,33.223
980.800,33.229
980.900,33.232
981.000,33.232
981.100,33.226
981.200,33.213
981.300,33.192
981.400,33.164
981.500,33.131
981.600,33.095
981.700,33.060
981.800,33.028
981.900,33.000
982.000,32.981
982.100,32.971
982.200,32.973
982.300,32.985
982.400,33.006
982.500,33.037
982.600,33.075
982.700,33.121
982.800,33.174
982.900,33.233
983.000,33.297
983.100,33.363
983.200,33.429
983.300,33.492
983.400,33.551
983.500,33.603
983.600,33.646
983.700,33.677
983.800,33.696
983.900,33.705
984.000,33.706
984.100,33.701
984.200,33.692
984.300,33.681
984.400,33.670
984.500,33.662
984.600,33.657
984.700,33.654
984.800,33.654
984.900,33.655
985.000,33.658
985.100,33.661
985.200,33.663
985.300,33.665
985.400,33.667
985.500,33.667
985.600,33.667
985.700,33.667
985.800,33.666
985.900,33.666
986.000,33.665
986.100,33.665
986.200,33.665
986.300,33.665
986.400,33.666
986.500,33.666
986.600,33.667
986.700,33.666
986.800,33.666
986.900,33.664
987.000,33.662
987.100,33.660
987.200,33.658
987.300,33.657
987.400,33.657
987.500,33.658
987.600,33.661
987.700,33.666
987.800,33.674
987.900,33.682
988.000,33.690
988.100,33.695
988.200,33.696
988.300,33.692
988.400,33.681
988.500,33.661
988.600,33.632
988.700,33.597
988.800,33.559
988.900,33.522
989.000,33.487
989.100,33.459
989.200,33.440
989.300,33.435
989.400,33.444
989.500,33.465
989.600,33.494
989.700,33.530
989.800,33.568
989.900,33.606
990.000,33.640
990.100,33.667
990.200,33.685
990.300,33.695
990.400,33.698
990.500,33.696
990.600,33.690
990.700,33.682
990.800,33.673
990.900,33.665
991.000,33.658
991.100,33.653
991.200,33.650
991.300,33.649
991.400,33.650
991.500,33.653
991.600,33.658
991.700,33.665
991.800,33.674
991.900,33.683
992.000,33.691
992.100,33.697
992.200,33.699
992.300,33.696
992.400,33.685
992.500,33.666
992.600,33.638
992.700,33.602
992.800,33.563
992.900,33.524
993.000,33.489
993.100,33.459
993.200,33.440
993.300,33.434
993.400,33.445
993.500,33.471
993.600,33.512
993.700,33.565
993.800,33.631
993.900,33.706
994.000,33.790
994.100,33.881
994.200,33.979
994.300,34.079
994.400,34.179
994.500,34.277
994.600,34.368
994.700,34.451
994.800,34.521
994.900,34.577
995.000,34.615
995.100,34.636
995.200,34.645
995.300,34.642
995.400,34.633
995.500,34.619
995.600,34.603
995.700,34.588
995.800,34.577
995.900,34.571
996.000,34.568
996.100,34.568
996.200,34.570
996.300,34.574
996.400,34.579
996.500,34.584
996.600,34.588
996.700,34.592
996.800,34.594
996.900,34.596
997.000,34.596
997.100,34.595
997.200,34.592
997.300,34.587
997.400,34.580
997.500,34.573
997.600,34.565
997.700,34.559
997.800,34.556
997.900,34.558
998.000,34.565
998.100,34.578
998.200,34.600
998.300,34.629
998.400,34.662
998.500,34.698
998.600,34.733
998.700,34.765
998.800,34.791
998.900,34.810
999.000,34.819
999.100,34.817
999.200,34.804
999.300,34.782
999.400,34.751
999.500,34.711
999.600,34.665
999.700,34.611
999.800,34.552
999.900,34.488
1000.000,34.422
1000.100,34.356
1000.200,34.293
1000.300,34.234
1000.400,34.183
1000.500,34.141
1000.600,34.111
1000.700,34.093
1000.800,34.085
1000.900,34.085
1001.000,34.090
1001.100,34.099
1001.200,34.110
1001.300,34.120
1001.400,34.128
1001.500,34.133
1001.600,34.135
1001.700,34.136
1001.800,34.134
1001.900,34.132
1002.000,34.129
1002.100,34.126
1002.200,34.124
1002.300,34.123
1002.400,34.123
1002.500,34.123
1002.600,34.124
1002.700,34.124
1002.800,34.125
1002.900,34.125
1003.000,34.125
1003.100,34.124
1003.200,34.122
1003.300,34.121
1003.400,34.120
1003.500,34.120
1003.600,34.121
1003.700,34.123
1003.800,34.126
1003.900,34.131
1004.000,34.137
1004.100,34.141
1004.200,34.145
1004.300,34.145
1004.400,34.142
1004.500,34.134
1004.600,34.120
1004.700,34.102
1004.800,34.082
1004.900,34.064
1005.000,34.052
1005.100,34.049
1005.200,34.061
1005.300,34.089
1005.400,34.139
1005.500,34.211
1005.600,34.299
1005.700,34.397
1005.800,34.499
1005.900,34.599
1006.000,34.690
1006.100,34.768
1006.200,34.824
1006.300,34.857
1006.400,34.871
1006.500,34.870
1006.600,34.858
1006.700,34.843
1006.800,34.827
1006.900,34.816
1007.000,34.816
1007.100,34.829
1007.200,34.852
1007.300,34.883
1007.400,34.919
1007.500,34.956
1007.600,34.992
1007.700,35.023
1007.800,35.047
1007.900,35.062
1008.000,35.069
1008.100,35.069
1008.200,35.065
1008.300,35.059
1008.400,35.052
1008.500,35.047
1008.600,35.045
1008.700,35.048
1008.800,35.054
1008.900,35.061
1009.000,35.067
1009.100,35.071
1009.200,35.069
1009.300,35.061
1009.400,35.045
1009.500,35.019
1009.600,34.985
1009.700,34.947
1009.800,34.909
1009.900,34.874
1010.000,34.844
1010.100,34.823
1010.200,34.815
1010.300,34.822
1010.400,34.841
1010.500,34.870
1010.600,34.905
1010.700,34.943
1010.800,34.981
1010.900,35.016
1011.000,35.044
1011.100,35.063
1011.200,35.073
1011.300,35.077
1011.400,35.075
1011.500,35.070
1011.600,35.062
1011.700,35.053
1011.800,35.046
1011.900,35.041
1012.000,35.038
1012.100,35.037
1012.200,35.037
1012.300,35.039
1012.400,35.041
1012.500,35.043
1012.600,35.045
1012.700,35.046
1012.800,35.047
1012.900,35.047
1013.000,35.047
1013.100,35.047
1013.200,35.046
1013.300,35.046
1013.400,35.045
1013.500,35.045
1013.600,35.046
1013.700,35.046
1013.800,35.046
1013.900,35.047
1014.000,35.047
1014.100,35.046
1014.200,35.046
1014.300,35.044
1014.400,35.043
1014.500,35.041
1014.600,35.040
1014.700,35.039
1014.800,35.039
1014.900,35.041
1015.000,35.044
1015.100,35.049
1015.200,35.055
1015.300,35.062
1015.400,35.067
1015.500,35.069
1015.600,35.068
1015.700,35.063
1015.800,35.051
1015.900,35.032
1016.000,35.004
1016.100,34.968
1016.200,34.922
1016.300,34.865
1016.400,34.797
1016.500,34.717
1016.600,34.624
1016.700,34.517
1016.800,34.399
1016.900,34.274
1017.000,34.146
1017.100,34.020
1017.200,33.901
1017.300,33.792
1017.400,33.699
1017.500,33.624
1017.600,33.569
1017.700,33.530
1017.800,33.503
1017.900,33.484
1018.000,33.470
1018.100,33.458
1018.200,33.443
1018.300,33.423
1018.400,33.397
1018.500,33.366
1018.600,33.332
1018.700,33.298
1018.800,33.266
1018.900,33.237
1019.000,33.214
1019.100,33.198
1019.200,33.189
1019.300,33.187
1019.400,33.189
1019.500,33.193
1019.600,33.198
1019.700,33.203
1019.800,33.205
1019.900,33.203
1020.000,33.197
1020.100,33.190
1020.200,33.182
1020.300,33.176
1020.400,33.175
1020.500,33.179
1020.600,33.192
1020.700,33.215
1020.800,33.248
1020.900,33.287
1021.000,33.329
1021.100,33.368
1021.200,33.402
1021.300,33.426
1021.400,33.437
1021.500,33.430
1021.600,33.406
1021.700,33.370
1021.800,33.326
1021.900,33.282
1022.000,33.243
1022.100,33.214
1022.200,33.201
1022.300,33.210
1022.400,33.242
1022.500,33.292
1022.600,33.356
1022.700,33.426
1022.800,33.499
1022.900,33.569
1023.000,33.629
1023.100,33.676
1023.200,33.705
1023.300,33.720
1023.400,33.723
1023.500,33.717
1023.600,33.705
1023.700,33.690
1023.800,33.675
1023.900,33.662
1024.000,33.654
1024.100,33.650
1024.200,33.649
1024.300,33.651
1024.400,33.654
1024.500,33.658
1024.600,33.662
1024.700,33.665
1024.800,33.667
1024.900,33.668
1025.000,33.669
1025.100,33.668
1025.200,33.667
1025.300,33.666
1025.400,33.665
1025.500,33.665
1025.600,33.665
1025.700,33.665
1025.800,33.665
1025.900,33.666
1026.000,33.666
1026.100,33.666
1026.200,33.666
1026.300,33.665
1026.400,33.663
1026.500,33.661
1026.600,33.659
1026.700,33.657
1026.800,33.657
1026.900,33.657
1027.000,33.660
1027.100,33.665
1027.200,33.672
1027.300,33.681
1027.400,33.689
1027.500,33.694
1027.600,33.696
1027.700,33.693
1027.800,33.683
1027.900,33.665
1028.000,33.637
1028.100,33.603
1028.200,33.565
1028.300,33.527
1028.400,33.492
1028.500,33.463
1028.600,33.443
1028.700,33.435
1028.800,33.442
1028.900,33.461
1029.000,33.490
1029.100,33.525
1029.200,33.563
1029.300,33.600
1029.400,33.635
1029.500,33.663
1029.600,33.682
1029.700,33.692
1029.800,33.696
1029.900,33.694
1030.000,33.688
1030.100,33.681
1030.200,33.673
1030.300,33.666
1030.400,33.661
1030.500,33.659
1030.600,33.658
1030.700,33.659
1030.800,33.661
1030.900,33.662
1031.000,33.664
1031.100,33.665
1031.200,33.664
1031.300,33.663
1031.400,33.661
1031.500,33.659
1031.600,33.658
1031.700,33.658
1031.800,33.660
1031.900,33.664
1032.000,33.670
1032.100,33.679
1032.200,33.687
1032.300,33.694
1032.400,33.697
1032.500,33.695
1032.600,33.687
1032.700,33.671
1032.800,33.645
1032.900,33.611
1033.000,33.572
1033.100,33.533
1033.200,33.496
1033.300,33.465
1033.400,33.443
1033.500,33.434
1033.600,33.441
1033.700,33.464
1033.800,33.502
1033.900,33.553
1034.000,33.616
1034.100,33.689
1034.200,33.772
1034.300,33.862
1034.400,33.958
1034.500,34.058
1034.600,34.159
1034.700,34.257
1034.800,34.350
1034.900,34.435
1035.000,34.508
1035.100,34.567
1035.200,34.608
1035.300,34.633
1035.400,34.644
1035.500,34.643
1035.600,34.635
1035.700,34.622
1035.800,34.606
1035.900,34.591
1036.000,34.579
1036.100,34.572
1036.200,34.569
1036.300,34.568
1036.400,34.570
1036.500,34.574
1036.600,34.578
1036.700,34.583
1036.800,34.587
1036.900,34.590
1037.000,34.593
1037.100,34.594
1037.200,34.594
1037.300,34.593
1037.400,34.591
1037.500,34.587
1037.600,34.583
1037.700,34.577
1037.800,34.572
1037.900,34.568
1038.000,34.565
1038.100,34.565
1038.200,34.569
1038.300,34.578
1038.400,34.592
1038.500,34.612
1038.600,34.636
1038.700,34.664
1038.800,34.695
1038.900,34.728
1039.000,34.761
1039.100,34.795
1039.200,34.828
1039.300,34.859
1039.400,34.889
1039.500,34.918
1039.600,34.946
1039.700,34.973
1039.800,35.001
1039.900,35.028
1040.000,35.055
1040.100,35.082
1040.200,35.109
1040.300,35.137
1040.400,35.166
1040.500,35.194
1040.600,35.224
1040.700,35.254
1040.800,35.285
1040.900,35.316
1041.000,35.348
1041.100,35.379
1041.200,35.409
1041.300,35.438
1041.400,35.465
1041.500,35.489
1041.600,35.511
1041.700,35.529
1041.800,35.542
1041.900,35.551
1042.000,35.555
1042.100,35.552
1042.200,35.542
1042.300,35.525
1042.400,35.499
1042.500,35.466
1042.600,35.428
1042.700,35.388
1042.800,35.350
1042.900,35.316
1043.000,35.291
1043.100,35.276
1043.200,35.277
1043.300,35.292
1043.400,35.320
1043.500,35.356
1043.600,35.396
1043.700,35.435
1043.800,35.469
1043.900,35.494
1044.000,35.506
1044.100,35.502
1044.200,35.485
1044.300,35.457
1044.400,35.422
1044.500,35.383
1044.600,35.343
1044.700,35.305
1044.800,35.273
1044.900,35.249
1045.000,35.232
1045.100,35.223
1045.200,35.221
1045.300,35.226
1045.400,35.237
1045.500,35.254
1045.600,35.276
1045.700,35.303
1045.800,35.334
1045.900,35.366
1046.000,35.399
1046.100,35.431
1046.200,35.460
1046.300,35.486
1046.400,35.505
1046.500,35.518
1046.600,35.526
1046.700,35.528
1046.800,35.526
1046.900,35.522
1047.000,35.517
1047.100,35.511
1047.200,35.506
1047.300,35.502
1047.400,35.500
1047.500,35.499
1047.600,35.500
1047.700,35.501
1047.800,35.502
1047.900,35.504
1048.000,35.505
1048.100,35.506
1048.200,35.507
1048.300,35.507
1048.400,35.507
1048.500,35.507
1048.600,35.506
1048.700,35.506
1048.800,35.505
1048.900,35.505
1049.000,35.505
1049.100,35.505
1049.200,35.505
1049.300,35.505
1049.400,35.505
1049.500,35.505
1049.600,35.505
1049.700,35.505
1049.800,35.506
1049.900,35.506
1050.000,35.506
1050.100,35.506
1050.200,35.505
1050.300,35.505
1050.400,35.505
1050.500,35.505
1050.600,35.505
1050.700,35.505
1050.800,35.505
1050.900,35.505
1051.000,35.505
1051.100,35.505
1051.200,35.505
1051.300,35.505
1051.400,35.505
1051.500,35.505
1051.600,35.505
1051.700,35.505
1051.800,35.505
1051.900,35.505
1052.000,35.505
1052.100,35.505
1052.200,35.505
1052.300,35.505
1052.400,35.505
1052.500,35.505
1052.600,35.505
1052.700,35.505
1052.800,35.505
1052.900,35.505
1053.000,35.505
1053.100,35.505
1053.200,35.505
1053.300,35.505
1053.400,35.505
1053.500,35.505
1053.600,35.505
1053.700,35.505
1053.800,35.505
1053.900,35.506
1054.000,35.506
1054.100,35.506
1054.200,35.506
1054.300,35.506
1054.400,35.505
1054.500,35.505
1054.600,35.505
1054.700,35.505
1054.800,35.505
1054.900,35.505
1055.000,35.505
1055.100,35.505
1055.200,35.505
1055.300,35.506
1055.400,35.506
1055.500,35.507
1055.600,35.507
1055.700,35.508
1055.800,35.508
1055.900,35.507
1056.000,35.506
1056.100,35.505
1056.200,35.502
1056.300,35.500
1056.400,35.498
1056.500,35.497
1056.600,35.497
1056.700,35.498
1056.800,35.502
1056.900,35.508
1057.000,35.517
1057.100,35.525
1057.200,35.533
1057.300,35.538
1057.400,35.538
1057.500,35.532
1057.600,35.519
1057.700,35.496
1057.800,35.464
1057.900,35.426
1058.000,35.387
1058.100,35.349
1058.200,35.315
1058.300,35.290
1058.400,35.276
1058.500,35.278
1058.600,35.295
1058.700,35.324
1058.800,35.361
1058.900,35.401
1059.000,35.439
1059.100,35.473
1059.200,35.497
1059.300,35.507
1059.400,35.501
1059.500,35.482
1059.600,35.453
1059.700,35.417
1059.800,35.378
1059.900,35.338
1060.000,35.300
1060.100,35.268
1060.200,35.244
1060.300,35.227
1060.400,35.218
1060.500,35.216
1060.600,35.222
1060.700,35.234
1060.800,35.254
1060.900,35.281
1061.000,35.314
1061.100,35.351
1061.200,35.389
1061.300,35.426
1061.400,35.458
1061.500,35.484
1061.600,35.501
1061.700,35.505
1061.800,35.497
1061.900,35.477
1062.000,35.449
1062.100,35.415
1062.200,35.378
1062.300,35.340
1062.400,35.304
1062.500,35.272
1062.600,35.247
1062.700,35.229
1062.800,35.219
1062.900,35.215
1063.000,35.219
1063.100,35.231
1063.200,35.250
1063.300,35.277
1063.400,35.312
1063.500,35.351
1063.600,35.392
1063.700,35.431
1063.800,35.465
1063.900,35.491
1064.000,35.505
1064.100,35.505
1064.200,35.489
1064.300,35.459
1064.400,35.421
1064.500,35.380
1064.600,35.340
1064.700,35.306
1064.800,35.283
1064.900,35.275
1065.000,35.286
1065.100,35.313
1065.200,35.349
1065.300,35.391
1065.400,35.432
1065.500,35.469
1065.600,35.495
1065.700,35.505
1065.800,35.497
1065.900,35.472
1066.000,35.437
1066.100,35.396
1066.200,35.354
1066.300,35.316
1066.400,35.289
1066.500,35.276
1066.600,35.281
1066.700,35.303
1066.800,35.337
1066.900,35.377
1067.000,35.418
1067.100,35.457
1067.200,35.487
1067.300,35.504
1067.400,35.505
1067.500,35.490
1067.600,35.463
1067.700,35.428
1067.800,35.389
1067.900,35.349
1068.000,35.311
1068.100,35.280
1068.200,35.259
1068.300,35.247
1068.400,35.243
1068.500,35.244
1068.600,35.250
1068.700,35.258
1068.800,35.267
1068.900,35.274
1069.000,35.278
1069.100,35.280
1069.200,35.280
1069.300,35.278
1069.400,35.276
1069.500,35.274
1069.600,35.273
1069.700,35.275
1069.800,35.278
1069.900,35.284
1070.000,35.290
1070.100,35.295
1070.200,35.298
1070.300,35.297
1070.400,35.292
1070.500,35.281
1070.600,35.262
1070.700,35.236
1070.800,35.206
1070.900,35.173
1071.000,35.140
1071.100,35.107
1071.200,35.077
1071.300,35.053
1071.400,35.035
1071.500,35.024
1071.600,35.020
1071.700,35.019
1071.800,35.023
1071.900,35.028
1072.000,35.035
1072.100,35.043
1072.200,35.049
1072.300,35.053
1072.400,35.056
1072.500,35.058
1072.600,35.058
1072.700,35.056
1072.800,35.053
1072.900,35.048
1073.000,35.042
1073.100,35.035
1073.200,35.028
1073.300,35.022
1073.400,35.019
1073.500,35.020
1073.600,35.025
1073.700,35.037
1073.800,35.055
1073.900,35.081
1074.000,35.111
1074.100,35.144
1074.200,35.178
1074.300,35.211
1074.400,35.241
1074.500,35.265
1074.600,35.282
1074.700,35.293
1074.800,35.302
1074.900,35.312
1075.000,35.329
1075.100,35.356
1075.200,35.398
1075.300,35.459
1075.400,35.542
1075.500,35.648
1075.600,35.769
1075.700,35.900
1075.800,36.033
1075.900,36.161
1076.000,36.278
1076.100,36.376
1076.200,36.449
1076.300,36.494
1076.400,36.516
1076.500,36.519
1076.600,36.509
1076.700,36.489
1076.800,36.464
1076.900,36.440
1077.000,36.420
1077.100,36.408
1077.200,36.402
1077.300,36.401
1077.400,36.404
1077.500,36.409
1077.600,36.415
1077.700,36.422
1077.800,36.427
1077.900,36.430
1078.000,36.431
1078.100,36.432
1078.200,36.431
1078.300,36.429
1078.400,36.428
1078.500,36.426
1078.600,36.426
1078.700,36.426
1078.800,36.426
1078.900,36.427
1079.000,36.428
1079.100,36.429
1079.200,36.428
1079.300,36.427
1079.400,36.425
1079.500,36.422
1079.600,36.418
1079.700,36.414
1079.800,36.411
1079.900,36.411
1080.000,36.412
1080.100,36.418
1080.200,36.427
1080.300,36.441
1080.400,36.456
1080.500,36.471
1080.600,36.481
1080.700,36.484
1080.800,36.477
1080.900,36.457
1081.000,36.422
1081.100,36.370
1081.200,36.305
1081.300,36.234
1081.400,36.161
1081.500,36.092
1081.600,36.033
1081.700,35.989
1081.800,35.965
1081.900,35.965
1082.000,35.984
1082.100,36.017
1082.200,36.059
1082.300,36.103
1082.400,36.144
1082.500,36.177
1082.600,36.196
1082.700,36.196
1082.800,36.180
1082.900,36.153
1083.000,36.117
1083.100,36.076
1083.200,36.035
1083.300,35.997
1083.400,35.967
1083.500,35.946
1083.600,35.934
1083.700,35.931
1083.800,35.933
1083.900,35.939
1084.000,35.948
1084.100,35.957
1084.200,35.965
1084.300,35.971
1084.400,35.974
1084.500,35.974
1084.600,35.974
1084.700,35.972
1084.800,35.970
1084.900,35.968
1085.000,35.966
1085.100,35.965
1085.200,35.964
1085.300,35.965
1085.400,35.965
1085.500,35.966
1085.600,35.966
1085.700,35.966
1085.800,35.966
1085.900,35.964
1086.000,35.962
1086.100,35.960
1086.200,35.959
1086.300,35.958
1086.400,35.958
1086.500,35.960
1086.600,35.964
1086.700,35.971
1086.800,35.979
1086.900,35.987
1087.000,35.994
1087.100,35.997
1087.200,35.995
1087.300,35.987
1087.400,35.971
1087.500,35.946
1087.600,35.913
1087.700,35.876
1087.800,35.838
1087.900,35.802
1088.000,35.771
1088.100,35.748
1088.200,35.736
1088.300,35.739
1088.400,35.755
1088.500,35.782
1088.600,35.815
1088.700,35.853
1088.800,35.891
1088.900,35.927
1089.000,35.957
1089.100,35.979
1089.200,35.992
1089.300,35.998
1089.400,35.997
1089.500,35.993
1089.600,35.986
1089.700,35.977
1089.800,35.969
1089.900,35.962
1090.000,35.957
1090.100,35.954
1090.200,35.952
1090.300,35.953
1090.400,35.955
1090.500,35.958
1090.600,35.963
1090.700,35.969
1090.800,35.975
1090.900,35.981
1091.000,35.986
1091.100,35.988
1091.200,35.987
1091.300,35.982
1091.400,35.972
1091.500,35.956
1091.600,35.935
1091.700,35.908
1091.800,35.879
1091.900,35.847
1092.000,35.814
1092.100,35.782
1092.200,35.751
1092.300,35.722
1092.400,35.698
1092.500,35.680
1092.600,35.667
1092.700,35.663
1092.800,35.669
1092.900,35.685
1093.000,35.714
1093.100,35.755
1093.200,35.809
1093.300,35.872
1093.400,35.939
1093.500,36.007
1093.600,36.072
1093.700,36.129
1093.800,36.175
1093.900,36.206
1094.000,36.221
1094.100,36.223
1094.200,36.218
1094.300,36.208
1094.400,36.197
1094.500,36.190
1094.600,36.190
1094.700,36.201
1094.800,36.224
1094.900,36.256
1095.000,36.294
1095.100,36.332
1095.200,36.368
1095.300,36.399
1095.400,36.419
1095.500,36.426
1095.600,36.419
1095.700,36.399
1095.800,36.370
1095.900,36.335
1096.000,36.296
1096.100,36.257
1096.200,36.220
1096.300,36.188
1096.400,36.164
1096.500,36.147
1096.600,36.138
1096.700,36.136
1096.800,36.141
1096.900,36.154
1097.000,36.175
1097.100,36.202
1097.200,36.236
1097.300,36.274
1097.400,36.313
1097.500,36.350
1097.600,36.383
1097.700,36.408
1097.800,36.423
1097.900,36.425
1098.000,36.413
1098.100,36.389
1098.200,36.357
1098.300,36.320
1098.400,36.282
1098.500,36.246
1098.600,36.215
1098.700,36.194
1098.800,36.183
1098.900,36.180
1099.000,36.184
1099.100,36.191
1099.200,36.198
1099.300,36.203
1099.400,36.203
1099.500,36.195
1099.600,36.177
1099.700,36.151
1099.800,36.120
1099.900,36.086
1100.000,36.051
1100.100,36.018
1100.200,35.988
1100.300,35.965
1100.400,35.950
1100.500,35.941
1100.600,35.939
1100.700,35.941
1100.800,35.946
1100.900,35.953
1101.000,35.960
1101.100,35.966
1101.200,35.969
1101.300,35.971
1101.400,35.971
1101.500,35.970
1101.600,35.968
1101.700,35.967
1101.800,35.966
1101.900,35.966
1102.000,35.967
1102.100,35.969
1102.200,35.971
1102.300,35.973
1102.400,35.974
1102.500,35.974
1102.600,35.971
1102.700,35.966
1102.800,35.958
1102.900,35.948
1103.000,35.938
1103.100,35.931
1103.200,35.928
1103.300,35.930
1103.400,35.941
1103.500,35.962
1103.600,35.994
1103.700,36.034
1103.800,36.077
1103.900,36.121
1104.000,36.159
1104.100,36.187
1104.200,36.202
1104.300,36.199
1104.400,36.173
1104.500,36.131
1104.600,36.079
1104.700,36.026
1104.800,35.979
1104.900,35.947
1105.000,35.936
1105.100,35.956
1105.200,36.012
1105.300,36.102
1105.400,36.216
1105.500,36.347
1105.600,36.485
1105.700,36.622
1105.800,36.750
1105.900,36.860
1106.000,36.945
1106.100,37.004
1106.200,37.043
1106.300,37.067
1106.400,37.081
1106.500,37.089
1106.600,37.097
1106.700,37.110
1106.800,37.132
1106.900,37.163
1107.000,37.199
1107.100,37.237
1107.200,37.275
1107.300,37.307
1107.400,37.332
1107.500,37.345
1107.600,37.343
1107.700,37.328
1107.800,37.302
1107.900,37.269
1108.000,37.232
1108.100,37.193
1108.200,37.157
1108.300,37.126
1108.400,37.104
1108.500,37.090
1108.600,37.084
1108.700,37.084
1108.800,37.089
1108.900,37.096
1109.000,37.105
1109.100,37.113
1109.200,37.119
1109.300,37.123
1109.400,37.125
1109.500,37.126
1109.600,37.125
1109.700,37.123
1109.800,37.120
1109.900,37.117
1110.000,37.114
1110.100,37.112
1110.200,37.110
1110.300,37.108
1110.400,37.107
1110.500,37.108
1110.600,37.110
1110.700,37.113
1110.800,37.119
1110.900,37.125
1111.000,37.132
1111.100,37.137
1111.200,37.141
1111.300,37.141
1111.400,37.136
1111.500,37.125
1111.600,37.108
1111.700,37.083
1111.800,37.054
1111.900,37.021
1112.000,36.987
1112.100,36.954
1112.200,36.924
1112.300,36.899
1112.400,36.880
1112.500,36.868
1112.600,36.863
1112.700,36.862
1112.800,36.865
1112.900,36.870
1113.000,36.876
1113.100,36.883
1113.200,36.887
1113.300,36.890
1113.400,36.891
1113.500,36.890
1113.600,36.889
1113.700,36.888
1113.800,36.886
1113.900,36.886
1114.000,36.886
1114.100,36.888
1114.200,36.890
1114.300,36.892
1114.400,36.894
1114.500,36.895
1114.600,36.894
1114.700,36.890
1114.800,36.884
1114.900,36.875
1115.000,36.865
1115.100,36.856
1115.200,36.850
1115.300,36.848
1115.400,36.854
1115.500,36.867
1115.600,36.892
1115.700,36.926
1115.800,36.968
1115.900,37.012
1116.000,37.054
1116.100,37.089
1116.200,37.114
1116.300,37.123
1116.400,37.113
1116.500,37.082
1116.600,37.036
1116.700,36.984
1116.800,36.933
1116.900,36.890
1117.000,36.864
1117.100,36.862
1117.200,36.891
1117.300,36.956
1117.400,37.051
1117.500,37.168
1117.600,37.299
1117.700,37.437
1117.800,37.574
1117.900,37.702
1118.000,37.813
1118.100,37.901
1118.200,37.968
1118.300,38.016
1118.400,38.046
1118.500,38.060
1118.600,38.062
1118.700,38.053
1118.800,38.036
1118.900,38.012
1119.000,37.983
1119.100,37.951
1119.200,37.917
1119.300,37.885
1119.400,37.854
1119.500,37.827
1119.600,37.807
1119.700,37.793
1119.800,37.785
1119.900,37.783
1120.000,37.784
1120.100,37.788
1120.200,37.794
1120.300,37.800
1120.400,37.806
1120.500,37.809
1120.600,37.811
1120.700,37.812
1120.800,37.811
1120.900,37.810
1121.000,37.808
1121.100,37.807
1121.200,37.806
1121.300,37.806
1121.400,37.807
1121.500,37.808
1121.600,37.809
1121.700,37.810
1121.800,37.810
1121.900,37.809
1122.000,37.807
1122.100,37.803
1122.200,37.798
1122.300,37.794
1122.400,37.790
1122.500,37.788
1122.600,37.789
1122.700,37.794
1122.800,37.804
1122.900,37.818
1123.000,37.839
1123.100,37.863
1123.200,37.891
1123.300,37.923
1123.400,37.956
1123.500,37.991
1123.600,38.027
1123.700,38.064
1123.800,38.099
1123.900,38.134
1124.000,38.166
1124.100,38.196
1124.200,38.222
1124.300,38.245
1124.400,38.262
1124.500,38.274
1124.600,38.282
1124.700,38.285
1124.800,38.284
1124.900,38.282
1125.000,38.277
1125.100,38.272
1125.200,38.268
1125.300,38.264
1125.400,38.262
1125.500,38.260
1125.600,38.260
1125.700,38.261
1125.800,38.262
1125.900,38.263
1126.000,38.265
1126.100,38.268
1126.200,38.270
1126.300,38.272
1126.400,38.273
1126.500,38.274
1126.600,38.274
1126.700,38.272
1126.800,38.268
1126.900,38.263
1127.000,38.256
1127.100,38.250
1127.200,38.244
1127.300,38.241
1127.400,38.242
1127.500,38.247
1127.600,38.259
1127.700,38.277
1127.800,38.302
1127.900,38.333
1128.000,38.365
1128.100,38.399
1128.200,38.432
1128.300,38.462
1128.400,38.486
1128.500,38.504
1128.600,38.513
1128.700,38.512
1128.800,38.500
1128.900,38.476
1129.000,38.437
1129.100,38.383
1129.200,38.313
1129.300,38.224
1129.400,38.120
1129.500,38.003
1129.600,37.879
1129.700,37.752
1129.800,37.627
1129.900,37.509
1130.000,37.402
1130.100,37.311
1130.200,37.238
1130.300,37.182
1130.400,37.141
1130.500,37.115
1130.600,37.101
1130.700,37.098
1130.800,37.106
1130.900,37.123
1131.000,37.147
1131.100,37.176
1131.200,37.208
1131.300,37.242
1131.400,37.275
1131.500,37.306
1131.600,37.332
1131.700,37.351
1131.800,37.364
1131.900,37.370
1132.000,37.371
1132.100,37.368
1132.200,37.363
1132.300,37.356
1132.400,37.350
1132.500,37.345
1132.600,37.342
1132.700,37.340
1132.800,37.340
1132.900,37.341
1133.000,37.343
1133.100,37.344
1133.200,37.345
1133.300,37.346
1133.400,37.346
1133.500,37.345
1133.600,37.344
1133.700,37.343
1133.800,37.342
1133.900,37.343
1134.000,37.344
1134.100,37.347
1134.200,37.351
1134.300,37.355
1134.400,37.360
1134.500,37.363
1134.600,37.364
1134.700,37.362
1134.800,37.355
1134.900,37.344
1135.000,37.327
1135.100,37.306
1135.200,37.280
1135.300,37.251
1135.400,37.218
1135.500,37.184
1135.600,37.149
1135.700,37.112
1135.800,37.076
1135.900,37.041
1136.000,37.007
1136.100,36.975
1136.200,36.947
1136.300,36.922
1136.400,36.901
1136.500,36.885
1136.600,36.875
1136.700,36.869
1136.800,36.868
1136.900,36.869
1137.000,36.872
1137.100,36.877
1137.200,36.882
1137.300,36.886
1137.400,36.889
1137.500,36.890
1137.600,36.891
1137.700,36.890
1137.800,36.889
1137.900,36.888
1138.000,36.887
1138.100,36.886
1138.200,36.885
1138.300,36.885
1138.400,36.885
1138.500,36.885
1138.600,36.886
1138.700,36.886
1138.800,36.886
1138.900,36.886
1139.000,36.885
1139.100,36.885
1139.200,36.884
1139.300,36.883
1139.400,36.883
1139.500,36.883
1139.600,36.884
1139.700,36.886
1139.800,36.888
1139.900,36.891
1140.000,36.894
1140.100,36.896
1140.200,36.897
1140.300,36.896
1140.400,36.893
1140.500,36.887
1140.600,36.878
1140.700,36.867
1140.800,36.857
1140.900,36.849
1141.000,36.845
1141.100,36.847
1141.200,36.858
1141.300,36.880
1141.400,36.913
1141.500,36.958
1141.600,37.012
1141.700,37.072
1141.800,37.136
1141.900,37.202
1142.000,37.268
1142.100,37.331
1142.200,37.388
1142.300,37.440
1142.400,37.484
1142.500,37.521
1142.600,37.550
1142.700,37.569
1142.800,37.579
1142.900,37.578
1143.000,37.567
1143.100,37.545
1143.200,37.517
1143.300,37.484
1143.400,37.448
1143.500,37.413
1143.600,37.381
1143.700,37.354
1143.800,37.334
1143.900,37.322
1144.000,37.317
1144.100,37.317
1144.200,37.321
1144.300,37.327
1144.400,37.335
1144.500,37.343
1144.600,37.350
1144.700,37.355
1144.800,37.359
1144.900,37.360
1145.000,37.360
1145.100,37.358
1145.200,37.355
1145.300,37.349
1145.400,37.342
1145.500,37.333
1145.600,37.325
1145.700,37.318
1145.800,37.315
1145.900,37.316
1146.000,37.323
1146.100,37.336
1146.200,37.359
1146.300,37.389
1146.400,37.424
1146.500,37.461
1146.600,37.497
1146.700,37.529
1146.800,37.555
1146.900,37.572
1147.000,37.577
1147.100,37.569
1147.200,37.550
1147.300,37.523
1147.400,37.489
1147.500,37.451
1147.600,37.410
1147.700,37.369
1147.800,37.329
1147.900,37.292
1148.000,37.258
1148.100,37.227
1148.200,37.198
1148.300,37.172
1148.400,37.148
1148.500,37.127
1148.600,37.109
1148.700,37.093
1148.800,37.081
1148.900,37.074
1149.000,37.071
1149.100,37.074
1149.200,37.084
1149.300,37.101
1149.400,37.125
1149.500,37.158
1149.600,37.194
1149.700,37.233
1149.800,37.269
1149.900,37.302
1150.000,37.328
1150.100,37.343
1150.200,37.345
1150.300,37.334
1150.400,37.311
1150.500,37.280
1150.600,37.244
1150.700,37.206
1150.800,37.169
1150.900,37.136
1151.000,37.110
1151.100,37.093
1151.200,37.084
1151.300,37.081
1151.400,37.083
1151.500,37.089
1151.600,37.098
1151.700,37.108
1151.800,37.118
1151.900,37.127
1152.000,37.134
1152.100,37.139
1152.200,37.141
1152.300,37.140
1152.400,37.136
1152.500,37.127
1152.600,37.113
1152.700,37.095
1152.800,37.076
1152.900,37.059
1153.000,37.048
1153.100,37.045
1153.200,37.054
1153.300,37.079
1153.400,37.123
1153.500,37.186
1153.600,37.266
1153.700,37.357
1153.800,37.455
1153.900,37.554
1154.000,37.650
1154.100,37.737
1154.200,37.812
1154.300,37.869
1154.400,37.913
1154.500,37.945
1154.600,37.969
1154.700,37.987
1154.800,38.002
1154.900,38.018
1155.000,38.037
1155.100,38.062
1155.200,38.091
1155.300,38.123
1155.400,38.156
1155.500,38.188
1155.600,38.219
1155.700,38.245
1155.800,38.266
1155.900,38.280
1156.000,38.288
1156.100,38.291
1156.200,38.290
1156.300,38.286
1156.400,38.280
1156.500,38.273
1156.600,38.267
1156.700,38.262
1156.800,38.258
1156.900,38.256
1157.000,38.255
1157.100,38.256
1157.200,38.258
1157.300,38.261
1157.400,38.266
1157.500,38.272
1157.600,38.278
1157.700,38.283
1157.800,38.287
1157.900,38.289
1158.000,38.287
1158.100,38.280
1158.200,38.268
1158.300,38.250
1158.400,38.227
1158.500,38.199
1158.600,38.169
1158.700,38.136
1158.800,38.104
1158.900,38.072
1159.000,38.041
1159.100,38.015
1159.200,37.992
1159.300,37.976
1159.400,37.966
1159.500,37.965
1159.600,37.974
1159.700,37.994
1159.800,38.027
1159.900,38.073
1160.000,38.130
1160.100,38.194
1160.200,38.262
1160.300,38.329
1160.400,38.391
1160.500,38.445
1160.600,38.488
1160.700,38.514
1160.800,38.526
1160.900,38.527
1161.000,38.521
1161.100,38.511
1161.200,38.500
1161.300,38.494
1161.400,38.494
1161.500,38.505
1161.600,38.526
1161.700,38.554
1161.800,38.587
1161.900,38.623
1162.000,38.658
1162.100,38.691
1162.200,38.718
1162.300,38.738
1162.400,38.750
1162.500,38.755
1162.600,38.755
1162.700,38.751
1162.800,38.745
1162.900,38.737
1163.000,38.729
1163.100,38.723
1163.200,38.718
1163.300,38.715
1163.400,38.714
1163.500,38.714
1163.600,38.716
1163.700,38.719
1163.800,38.724
1163.900,38.730
1164.000,38.736
1164.100,38.742
1164.200,38.747
1164.300,38.749
1164.400,38.748
1164.500,38.744
1164.600,38.734
1164.700,38.717
1164.800,38.696
1164.900,38.669
1165.000,38.639
1165.100,38.607
1165.200,38.574
1165.300,38.542
1165.400,38.512
1165.500,38.484
1165.600,38.461
1165.700,38.443
1165.800,38.432
1165.900,38.428
1166.000,38.434
1166.100,38.449
1166.200,38.475
1166.300,38.514
1166.400,38.564
1166.500,38.623
1166.600,38.687
1166.700,38.753
1166.800,38.817
1166.900,38.877
1167.000,38.929
1167.100,38.971
1167.200,39.000
1167.300,39.017
1167.400,39.024
1167.500,39.023
1167.600,39.013
1167.700,38.996
1167.800,38.974
1167.900,38.947
1168.000,38.917
1168.100,38.885
1168.200,38.852
1168.300,38.820
1168.400,38.789
1168.500,38.762
1168.600,38.739
1168.700,38.722
1168.800,38.712
1168.900,38.706
1169.000,38.705
1169.100,38.708
1169.200,38.712
1169.300,38.718
1169.400,38.723
1169.500,38.727
1169.600,38.730
1169.700,38.731
1169.800,38.731
1169.900,38.731
1170.000,38.729
1170.100,38.728
1170.200,38.727
1170.300,38.726
1170.400,38.727
1170.500,38.727
1170.600,38.728
1170.700,38.729
1170.800,38.729
1170.900,38.729
1171.000,38.728
1171.100,38.726
1171.200,38.722
1171.300,38.718
1171.400,38.715
1171.500,38.712
1171.600,38.711
1171.700,38.713
1171.800,38.718
1171.900,38.728
1172.000,38.741
1172.100,38.757
1172.200,38.771
1172.300,38.781
1172.400,38.784
1172.500,38.778
1172.600,38.758
1172.700,38.724
1172.800,38.672
1172.900,38.608
1173.000,38.537
1173.100,38.464
1173.200,38.395
1173.300,38.335
1173.400,38.291
1173.500,38.266
1173.600,38.265
1173.700,38.284
1173.800,38.317
1173.900,38.359
1174.000,38.403
1174.100,38.445
1174.200,38.477
1174.300,38.496
1174.400,38.497
1174.500,38.481
1174.600,38.453
1174.700,38.417
1174.800,38.376
1174.900,38.335
1175.000,38.298
1175.100,38.268
1175.200,38.249
1175.300,38.239
1175.400,38.237
1175.500,38.241
1175.600,38.247
1175.700,38.255
1175.800,38.262
1175.900,38.266
1176.000,38.265
1176.100,38.261
1176.200,38.254
1176.300,38.248
1176.400,38.244
1176.500,38.244
1176.600,38.250
1176.700,38.263
1176.800,38.286
1176.900,38.317
1177.000,38.352
1177.100,38.389
1177.200,38.425
1177.300,38.457
1177.400,38.481
1177.500,38.495
1177.600,38.496
1177.700,38.486
1177.800,38.465
1177.900,38.436
1178.000,38.400
1178.100,38.360
1178.200,38.319
1178.300,38.276
1178.400,38.236
1178.500,38.197
1178.600,38.162
1178.700,38.130
1178.800,38.101
1178.900,38.076
1179.000,38.056
1179.100,38.040
1179.200,38.029
1179.300,38.023
1179.400,38.020
1179.500,38.020
1179.600,38.023
1179.700,38.027
1179.800,38.031
1179.900,38.035
1180.000,38.038
1180.100,38.040
1180.200,38.041
1180.300,38.040
1180.400,38.040
1180.500,38.039
1180.600,38.038
1180.700,38.037
1180.800,38.036
1180.900,38.035
1181.000,38.035
1181.100,38.035
1181.200,38.035
1181.300,38.035
1181.400,38.036
1181.500,38.036
1181.600,38.036
1181.700,38.037
1181.800,38.037
1181.900,38.037
1182.000,38.037
1182.100,38.037
1182.200,38.037
1182.300,38.036
1182.400,38.036
1182.500,38.036
1182.600,38.035
1182.700,38.035
1182.800,38.035
1182.900,38.035
1183.000,38.035
1183.100,38.036
1183.200,38.037
1183.300,38.038
1183.400,38.039
1183.500,38.040
1183.600,38.041
1183.700,38.041
1183.800,38.040
1183.900,38.038
1184.000,38.035
1184.100,38.031
1184.200,38.026
1184.300,38.022
1184.400,38.020
1184.500,38.020
1184.600,38.023
1184.700,38.030
1184.800,38.041
1184.900,38.058
1185.000,38.079
1185.100,38.104
1185.200,38.134
1185.300,38.166
1185.400,38.202
1185.500,38.240
1185.600,38.281
1185.700,38.323
1185.800,38.365
1185.900,38.404
1186.000,38.439
1186.100,38.467
1186.200,38.487
1186.300,38.497
1186.400,38.494
1186.500,38.479
1186.600,38.455
1186.700,38.423
1186.800,38.387
1186.900,38.350
1187.000,38.315
1187.100,38.284
1187.200,38.261
1187.300,38.246
1187.400,38.239
1187.500,38.237
1187.600,38.241
1187.700,38.247
1187.800,38.254
1187.900,38.262
1188.000,38.267
1188.100,38.271
1188.200,38.272
1188.300,38.271
1188.400,38.270
1188.500,38.268
1188.600,38.267
1188.700,38.266
1188.800,38.267
1188.900,38.269
1189.000,38.272
1189.100,38.275
1189.200,38.277
1189.300,38.278
1189.400,38.277
1189.500,38.273
1189.600,38.265
1189.700,38.253
1189.800,38.240
1189.900,38.228
1190.000,38.220
1190.100,38.217
1190.200,38.223
1190.300,38.240
1190.400,38.270
1190.500,38.315
1190.600,38.371
1190.700,38.434
1190.800,38.502
1190.900,38.569
1191.000,38.631
1191.100,38.686
1191.200,38.728
1191.300,38.756
1191.400,38.771
1191.500,38.775
1191.600,38.771
1191.700,38.762
1191.800,38.749
1191.900,38.737
1192.000,38.726
1192.100,38.720
1192.200,38.718
1192.300,38.718
1192.400,38.720
1192.500,38.723
1192.600,38.726
1192.700,38.727
1192.800,38.727
1192.900,38.723
1193.000,38.718
1193.100,38.712
1193.200,38.707
1193.300,38.705
1193.400,38.706
1193.500,38.712
1193.600,38.725
1193.700,38.745
1193.800,38.771
1193.900,38.802
1194.000,38.835
1194.100,38.868
1194.200,38.901
1194.300,38.930
1194.400,38.954
1194.500,38.971
1194.600,38.983
1194.700,38.988
1194.800,38.989
1194.900,38.985
1195.000,38.978
1195.100,38.969
1195.200,38.958
1195.300,38.947
1195.400,38.936
1195.500,38.926
1195.600,38.920
1195.700,38.918
1195.800,38.921
1195.900,38.932
1196.000,38.951
1196.100,38.980
1196.200,39.016
1196.300,39.055
1196.400,39.095
1196.500,39.132
1196.600,39.162
1196.700,39.182
1196.800,39.188
1196.900,39.177
1197.000,39.152
1197.100,39.116
1197.200,39.076
1197.300,39.035
1197.400,38.999
1197.500,38.971
1197.600,38.957
1197.700,38.962
1197.800,38.984
1197.900,39.023
1198.000,39.076
1198.100,39.141
1198.200,39.215
1198.300,39.298
1198.400,39.386
1198.500,39.477
1198.600,39.569
1198.700,39.662
1198.800,39.754
1198.900,39.843
1199.000,39.928
1199.100,40.008
1199.200,40.081
1199.300,40.145
1199.400,40.201
1199.500,40.247
1199.600,40.284
1199.700,40.312
1199.800,40.331
1199.900,40.340
1200.000,40.340